Dependents,ApplicantIncome,CoapplicantIncome,LoanAmount,Loan_Amount_Term,Credit_History,TotalIncome,LogIncome,LogLoanAmount,EMI,LoanToIncomeRatio,IncomePerDependent,Gender_Male,Married_Yes,Education_Not Graduate,Self_Employed_Yes,Property_Area_Semiurban,Property_Area_Urban,Loan_Status_Y
0,5849,0.0,128.0,360.0,1.0,5849.0,8.674196940225903,4.859812404361672,0.35555555555555557,0.021884082749187895,5849.0,True,False,False,False,False,True,True
1,4583,1508.0,128.0,360.0,1.0,6091.0,8.714731714015052,4.859812404361672,0.35555555555555557,0.0210146117222131,3045.5,True,True,False,False,False,False,False
0,3000,0.0,66.0,360.0,1.0,3000.0,8.006700845440367,4.204692619390966,0.18333333333333332,0.022,3000.0,True,True,False,True,False,True,True
0,2583,2358.0,120.0,360.0,1.0,4941.0,8.505525386548555,4.795790545596741,0.3333333333333333,0.024286581663630843,4941.0,True,True,True,False,False,True,True
0,6000,0.0,141.0,360.0,1.0,6000.0,8.699681400989514,4.955827057601261,0.39166666666666666,0.0235,6000.0,True,False,False,False,False,True,True
2,5417,4196.0,267.0,360.0,1.0,9613.0,9.170975648453906,5.5909869805108565,0.7416666666666667,0.027774888172266723,3204.3333333333335,True,True,False,True,False,True,True
0,2333,1516.0,95.0,360.0,1.0,3849.0,8.25582842728183,4.564348191467836,0.2638888888888889,0.024681735515718367,3849.0,True,True,True,False,False,True,True
3,3036,2504.0,158.0,360.0,0.0,5540.0,8.61993026886735,5.0689042022202315,0.4388888888888889,0.02851985559566787,1385.0,True,True,False,False,True,False,False
2,4006,1526.0,168.0,360.0,1.0,5532.0,8.618485442898109,5.1298987149230735,0.4666666666666667,0.03036876355748373,1844.0,True,True,False,False,False,True,True
1,12841,10968.0,349.0,360.0,1.0,23809.0,10.077860939480908,5.857933154483459,0.9694444444444444,0.014658322483094628,11904.5,True,True,False,False,True,False,False
2,3200,700.0,70.0,360.0,1.0,3900.0,8.268988209506656,4.2626798770413155,0.19444444444444445,0.017948717948717947,1300.0,True,True,False,False,False,True,True
2,2500,1840.0,109.0,360.0,1.0,4340.0,8.375860015299594,4.700480365792417,0.30277777777777776,0.02511520737327189,1446.6666666666667,True,True,False,False,False,True,True
2,3073,8106.0,200.0,360.0,1.0,11179.0,9.32188174670909,5.303304908059076,0.5555555555555556,0.01789068789694964,3726.3333333333335,True,True,False,False,False,True,True
0,1853,2840.0,114.0,360.0,1.0,4693.0,8.454040376410969,4.74493212836325,0.31666666666666665,0.024291497975708502,4693.0,True,False,False,False,False,False,False
2,1299,1086.0,17.0,120.0,1.0,2385.0,7.777373602657861,2.8903717578961645,0.14166666666666666,0.007127882599580713,795.0,True,True,False,False,False,True,True
0,4950,0.0,125.0,360.0,1.0,4950.0,8.507344855361422,4.836281906951478,0.3472222222222222,0.025252525252525252,4950.0,True,False,False,False,False,True,True
1,3596,0.0,100.0,240.0,1.0,3596.0,8.187855443695623,4.61512051684126,0.4166666666666667,0.027808676307007785,1798.0,True,False,True,False,False,True,True
0,3510,0.0,76.0,360.0,0.0,3510.0,8.163656176168432,4.343805421853684,0.2111111111111111,0.021652421652421653,3510.0,False,False,False,False,False,True,False
0,4887,0.0,133.0,360.0,1.0,4887.0,8.494538500851432,4.897839799950911,0.36944444444444446,0.027215060364231634,4887.0,True,True,True,False,False,False,False
0,2600,3500.0,115.0,360.0,1.0,6100.0,8.716207971151853,4.7535901911063645,0.3194444444444444,0.018852459016393444,6100.0,True,True,False,False,False,True,True
0,7660,0.0,104.0,360.0,0.0,7660.0,8.94389780251682,4.653960350157523,0.28888888888888886,0.013577023498694517,7660.0,True,True,True,False,False,True,False
1,5955,5625.0,315.0,360.0,1.0,11580.0,9.357121103184378,5.755742213586912,0.875,0.027202072538860103,5790.0,True,True,False,False,False,True,True
0,2600,1911.0,116.0,360.0,0.0,4511.0,8.414495793177895,4.762173934797756,0.32222222222222224,0.025714919086677012,4511.0,True,True,True,False,True,False,False
2,3365,1917.0,112.0,360.0,0.0,5282.0,8.572249397164315,4.727387818712341,0.3111111111111111,0.021204089360090876,1760.6666666666667,True,True,True,False,False,False,False
1,3717,2925.0,151.0,360.0,1.0,6642.0,8.80131894766524,5.0238805208462765,0.41944444444444445,0.02273411623005119,3321.0,True,True,False,False,True,False,False
0,9560,0.0,191.0,360.0,1.0,9560.0,9.165447603085447,5.2574953720277815,0.5305555555555556,0.01997907949790795,9560.0,True,True,False,True,True,False,True
0,2799,2253.0,122.0,360.0,1.0,5052.0,8.527737405291909,4.812184355372417,0.3388888888888889,0.02414885193982581,5052.0,True,True,False,False,True,False,True
2,4226,1040.0,110.0,360.0,1.0,5266.0,8.569216219483389,4.709530201312334,0.3055555555555556,0.020888720091150777,1755.3333333333333,True,True,True,False,False,True,True
0,1442,0.0,35.0,360.0,1.0,1442.0,7.274479558773871,3.58351893845611,0.09722222222222222,0.024271844660194174,1442.0,True,False,True,False,False,True,False
2,3750,2083.0,120.0,360.0,1.0,5833.0,8.671458150427666,4.795790545596741,0.3333333333333333,0.020572604148808505,1944.3333333333333,False,False,False,False,True,False,True
1,4166,3369.0,201.0,360.0,1.0,7535.0,8.927446816256198,5.308267697401205,0.5583333333333333,0.026675514266755143,3767.5,True,True,False,False,False,True,False
0,3167,0.0,74.0,360.0,1.0,3167.0,8.060855752934316,4.31748811353631,0.20555555555555555,0.023365961477739186,3167.0,True,False,False,False,False,True,False
1,4692,0.0,106.0,360.0,1.0,4692.0,8.453827315794417,4.672828834461906,0.29444444444444445,0.022591645353793693,2346.0,True,False,False,True,False,False,False
0,3500,1667.0,114.0,360.0,1.0,5167.0,8.550241045462437,4.74493212836325,0.31666666666666665,0.022063092703696534,5167.0,True,True,False,False,True,False,True
3,12500,3000.0,320.0,360.0,1.0,15500.0,9.648659816955295,5.771441123130016,0.8888888888888888,0.02064516129032258,3875.0,True,False,False,False,False,False,False
0,2275,2067.0,128.0,360.0,1.0,4342.0,8.376320632534823,4.859812404361672,0.35555555555555557,0.02947950253339475,4342.0,True,True,False,False,False,True,True
0,1828,1330.0,100.0,360.0,0.0,3158.0,8.058010800802085,4.61512051684126,0.2777777777777778,0.031665611146295125,3158.0,True,True,False,False,False,True,False
0,3667,1459.0,144.0,360.0,1.0,5126.0,8.5422759717837,4.976733742420574,0.4,0.02809207959422552,5126.0,False,True,False,False,True,False,True
0,4166,7210.0,184.0,360.0,1.0,11376.0,9.339349052539717,5.220355825078324,0.5111111111111111,0.01617440225035162,11376.0,True,False,False,False,False,True,True
0,3748,1668.0,110.0,360.0,1.0,5416.0,8.597297435657898,4.709530201312334,0.3055555555555556,0.02031019202363368,5416.0,True,False,True,False,True,False,True
0,3600,0.0,80.0,360.0,1.0,3600.0,8.188966863648876,4.394449154672439,0.2222222222222222,0.022222222222222223,3600.0,True,False,False,False,False,True,False
0,1800,1213.0,47.0,360.0,1.0,3013.0,8.01102337918644,3.871201010907891,0.13055555555555556,0.015599070693660804,3013.0,True,False,False,False,False,True,True
0,2400,0.0,75.0,360.0,1.0,2400.0,7.783640596221253,4.330733340286331,0.20833333333333334,0.03125,2400.0,True,True,False,False,False,True,True
0,3941,2336.0,134.0,360.0,1.0,6277.0,8.744806737401898,4.90527477843843,0.37222222222222223,0.021347777600764697,6277.0,True,True,False,False,True,False,True
0,4695,0.0,96.0,360.0,1.0,4695.0,8.454466361507933,4.574710978503383,0.26666666666666666,0.020447284345047924,4695.0,True,True,True,True,False,True,True
0,3410,0.0,88.0,360.0,1.0,3410.0,8.134760782418645,4.48863636973214,0.24444444444444444,0.025806451612903226,3410.0,False,False,False,False,False,True,True
1,5649,0.0,44.0,360.0,1.0,5649.0,8.639410824140487,3.8066624897703196,0.12222222222222222,0.007788989201628607,2824.5,True,True,False,False,False,True,True
0,5821,0.0,144.0,360.0,1.0,5821.0,8.669399124305569,4.976733742420574,0.4,0.02473801752276241,5821.0,True,True,False,False,False,True,True
0,2645,3440.0,120.0,360.0,0.0,6085.0,8.713746330456916,4.795790545596741,0.3333333333333333,0.01972062448644207,6085.0,False,True,False,False,False,True,False
0,4000,2275.0,144.0,360.0,1.0,6275.0,8.744488113852924,4.976733742420574,0.4,0.022948207171314742,6275.0,False,False,False,False,True,False,True
0,1928,1644.0,100.0,360.0,1.0,3572.0,8.181160858023409,4.61512051684126,0.2777777777777778,0.027995520716685332,3572.0,False,True,True,False,True,False,True
0,3086,0.0,120.0,360.0,1.0,3086.0,8.034955024502159,4.795790545596741,0.3333333333333333,0.03888528839922229,3086.0,False,False,False,False,True,False,True
0,4230,0.0,112.0,360.0,1.0,4230.0,8.350193650720067,4.727387818712341,0.3111111111111111,0.026477541371158392,4230.0,False,False,False,False,True,False,False
2,4616,0.0,134.0,360.0,1.0,4616.0,8.43750042250699,4.90527477843843,0.37222222222222223,0.02902946273830156,1538.6666666666667,True,True,False,False,False,True,False
1,11500,0.0,286.0,360.0,0.0,11500.0,9.350189267092581,5.659482215759621,0.7944444444444444,0.024869565217391306,5750.0,False,True,False,True,False,True,False
2,2708,1167.0,97.0,360.0,1.0,3875.0,8.262558973010657,4.584967478670572,0.26944444444444443,0.02503225806451613,1291.6666666666667,True,True,False,False,True,False,True
0,2132,1591.0,96.0,360.0,1.0,3723.0,8.222553638396958,4.574710978503383,0.26666666666666666,0.0257856567284448,3723.0,True,True,False,False,True,False,True
0,3366,2200.0,135.0,360.0,1.0,5566.0,8.624611588183507,4.912654885736052,0.375,0.024254401724757457,5566.0,True,True,False,False,False,False,False
1,8080,2250.0,180.0,360.0,1.0,10330.0,9.242904362849446,5.198497031265826,0.5,0.017424975798644726,5165.0,True,True,False,False,False,True,True
2,3357,2859.0,144.0,360.0,1.0,6216.0,8.735042754269337,4.976733742420574,0.4,0.023166023166023165,2072.0,True,True,True,False,False,True,True
0,2500,3796.0,120.0,360.0,1.0,6296.0,8.747828608488742,4.795790545596741,0.3333333333333333,0.01905972045743329,6296.0,True,True,False,False,False,True,True
3,3029,0.0,99.0,360.0,1.0,3029.0,8.016317898503415,4.605170185988092,0.275,0.03268405414328161,757.25,True,True,False,False,False,True,True
0,2609,3449.0,165.0,180.0,0.0,6058.0,8.70930004894499,5.111987788356544,0.9166666666666666,0.02723671178606801,6058.0,True,True,True,True,False,False,False
1,4945,0.0,128.0,360.0,0.0,4945.0,8.506334448081361,4.859812404361672,0.35555555555555557,0.025884732052578362,2472.5,True,True,False,False,False,False,False
0,4166,0.0,116.0,360.0,0.0,4166.0,8.334951631422454,4.762173934797756,0.32222222222222224,0.02784445511281805,4166.0,False,False,False,False,True,False,False
0,5726,4595.0,258.0,360.0,1.0,10321.0,9.242032818708672,5.556828061699537,0.7166666666666667,0.024997577754093597,10321.0,True,True,False,False,True,False,False
0,3200,2254.0,126.0,180.0,0.0,5454.0,8.604287898267172,4.844187086458591,0.7,0.0231023102310231,5454.0,True,False,True,False,False,True,False
1,10750,0.0,312.0,360.0,1.0,10750.0,9.282754052485227,5.746203190540153,0.8666666666666667,0.02902325581395349,5375.0,True,True,False,False,False,True,True
3,7100,0.0,125.0,60.0,1.0,7100.0,8.867990898182093,4.836281906951478,2.0833333333333335,0.017605633802816902,1775.0,True,True,True,True,False,True,True
0,4300,0.0,136.0,360.0,0.0,4300.0,8.366602832783736,4.919980925828125,0.37777777777777777,0.03162790697674418,4300.0,False,False,False,False,True,False,False
0,3208,3066.0,172.0,360.0,1.0,6274.0,8.744328763999984,5.153291594497779,0.4777777777777778,0.027414727446605038,6274.0,True,True,False,False,False,True,True
2,1875,1875.0,97.0,360.0,1.0,3750.0,8.229777750081887,4.584967478670572,0.26944444444444443,0.025866666666666666,1250.0,True,True,True,True,True,False,True
0,3500,0.0,81.0,300.0,1.0,3500.0,8.160803920954665,4.406719247264253,0.27,0.023142857142857142,3500.0,True,False,False,False,True,False,True
3,4755,0.0,95.0,360.0,0.0,4755.0,8.467162257810672,4.564348191467836,0.2638888888888889,0.019978969505783387,1188.75,True,True,True,False,True,False,False
3,5266,1774.0,187.0,360.0,1.0,7040.0,8.859505484519133,5.236441962829949,0.5194444444444445,0.0265625,1760.0,True,True,False,True,True,False,True
0,3750,0.0,113.0,480.0,1.0,3750.0,8.229777750081887,4.736198448394496,0.23541666666666666,0.030133333333333335,3750.0,True,False,False,False,False,True,False
0,3750,4750.0,176.0,360.0,1.0,8500.0,9.04793908261736,5.176149732573829,0.4888888888888889,0.020705882352941178,8500.0,True,False,False,False,False,True,False
1,1000,3022.0,110.0,360.0,1.0,4022.0,8.299783171949787,4.709530201312334,0.3055555555555556,0.02734957732471407,2011.0,True,True,False,True,False,True,False
3,3167,4000.0,180.0,300.0,0.0,7167.0,8.877381954654766,5.198497031265826,0.6,0.025115110925073254,1791.75,True,True,False,False,True,False,False
3,3333,2166.0,130.0,360.0,1.0,5499.0,8.612503371220562,4.875197323201151,0.3611111111111111,0.02364066193853428,1374.75,True,True,True,True,True,False,True
0,3846,0.0,111.0,360.0,1.0,3846.0,8.255048902752295,4.718498871295094,0.30833333333333335,0.028861154446177848,3846.0,False,False,False,False,True,False,True
1,2395,0.0,128.0,360.0,1.0,2395.0,7.78155595923534,4.859812404361672,0.35555555555555557,0.05344467640918581,1197.5,True,True,False,True,True,False,True
2,1378,1881.0,167.0,360.0,1.0,3259.0,8.089482474360754,5.123963979403259,0.4638888888888889,0.0512427124884934,1086.3333333333333,False,True,False,False,False,True,False
0,6000,2250.0,265.0,360.0,1.0,8250.0,9.018089684104343,5.583496308781699,0.7361111111111112,0.03212121212121212,8250.0,True,True,False,False,True,False,False
1,3988,0.0,50.0,240.0,1.0,3988.0,8.291295851905407,3.9318256327243257,0.20833333333333334,0.012537612838515547,1994.0,True,True,False,False,False,True,True
0,2366,2531.0,136.0,360.0,1.0,4897.0,8.496582237512113,4.919980925828125,0.37777777777777777,0.027772105370635083,4897.0,True,False,False,False,True,False,True
2,3333,2000.0,99.0,360.0,1.0,5333.0,8.58185670474196,4.605170185988092,0.275,0.0185636602287643,1777.6666666666667,True,True,True,False,True,False,True
0,2500,2118.0,104.0,360.0,1.0,4618.0,8.437933510430605,4.653960350157523,0.28888888888888886,0.02252057167605024,4618.0,True,True,False,False,True,False,True
0,8566,0.0,210.0,360.0,1.0,8566.0,9.055672891964043,5.351858133476067,0.5833333333333334,0.02451552650011674,8566.0,True,False,False,False,False,True,True
0,5695,4167.0,175.0,360.0,1.0,9862.0,9.196545660953994,5.170483995038151,0.4861111111111111,0.017744879334820524,9862.0,True,True,False,False,True,False,True
0,2958,2900.0,131.0,360.0,1.0,5858.0,8.675734219544788,4.882801922586371,0.3638888888888889,0.022362581085694777,5858.0,True,True,False,False,True,False,True
2,6250,5654.0,188.0,180.0,1.0,11904.0,9.384713758920963,5.241747015059643,1.0444444444444445,0.015793010752688172,3968.0,True,True,False,False,True,False,True
2,3273,1820.0,81.0,360.0,1.0,5093.0,8.535818655539403,4.406719247264253,0.225,0.015904182210877676,1697.6666666666667,True,True,True,False,False,True,True
0,4133,0.0,122.0,360.0,1.0,4133.0,8.327000740241713,4.812184355372417,0.3388888888888889,0.029518509557222357,4133.0,True,False,False,False,True,False,True
0,3620,0.0,25.0,120.0,1.0,3620.0,8.19450550976564,3.258096538021482,0.20833333333333334,0.006906077348066298,3620.0,True,False,True,False,True,False,True
0,6782,0.0,128.0,360.0,1.0,6782.0,8.82217476094608,4.859812404361672,0.35555555555555557,0.018873488646416987,6782.0,True,False,False,False,False,True,False
0,2484,2302.0,137.0,360.0,1.0,4786.0,8.473659189392508,4.927253685157205,0.38055555555555554,0.028625156707062265,4786.0,False,True,False,False,True,False,True
0,1977,997.0,50.0,360.0,1.0,2974.0,7.99799931797973,3.9318256327243257,0.1388888888888889,0.016812373907195696,2974.0,True,True,False,False,True,False,True
0,4188,0.0,115.0,180.0,1.0,4188.0,8.340217320947035,4.7535901911063645,0.6388888888888888,0.027459407831900668,4188.0,True,True,True,False,True,False,True
0,1759,3541.0,131.0,360.0,1.0,5300.0,8.575650760987806,4.882801922586371,0.3638888888888889,0.02471698113207547,5300.0,True,True,False,False,True,False,True
2,4288,3263.0,133.0,180.0,1.0,7551.0,8.929567707825337,4.897839799950911,0.7388888888888889,0.01761356111773275,2517.0,True,True,True,False,False,True,True
0,4843,3806.0,151.0,360.0,1.0,8649.0,9.065314599925925,5.0238805208462765,0.41944444444444445,0.017458665741704245,8649.0,True,False,False,False,True,False,True
0,13650,0.0,128.0,360.0,1.0,13650.0,9.521568058002977,4.859812404361672,0.35555555555555557,0.009377289377289377,13650.0,True,True,False,False,False,True,True
0,4652,3583.0,128.0,360.0,1.0,8235.0,9.01627006814768,4.859812404361672,0.35555555555555557,0.01554341226472374,8235.0,True,True,False,False,True,False,True
0,3816,754.0,160.0,360.0,1.0,4570.0,8.427487278331744,5.081404364984463,0.4444444444444444,0.0350109409190372,4570.0,True,True,False,False,False,True,True
1,3052,1030.0,100.0,360.0,1.0,4082.0,8.314587291319576,4.61512051684126,0.2777777777777778,0.02449779519843214,2041.0,True,True,False,False,False,True,True
2,11417,1126.0,225.0,360.0,1.0,12543.0,9.436997742590188,5.420534999272286,0.625,0.01793829227457546,4181.0,True,True,False,False,False,True,True
0,7333,0.0,120.0,360.0,1.0,7333.0,8.900276348631271,4.795790545596741,0.3333333333333333,0.01636438019909996,7333.0,True,False,True,False,False,False,False
2,3800,3600.0,216.0,360.0,0.0,7400.0,8.909370405197466,5.37989735354046,0.6,0.02918918918918919,2466.6666666666665,True,True,False,False,False,True,False
3,2071,754.0,94.0,480.0,1.0,2825.0,7.946617563244473,4.553876891600541,0.19583333333333333,0.03327433628318584,706.25,True,True,True,False,True,False,True
0,5316,0.0,136.0,360.0,1.0,5316.0,8.57866451350434,4.919980925828125,0.37777777777777777,0.025583145221971408,5316.0,True,False,False,False,False,True,True
0,2929,2333.0,139.0,360.0,1.0,5262.0,8.56845648535378,4.941642422609304,0.3861111111111111,0.026415811478525276,5262.0,False,True,False,False,True,False,True
0,3572,4114.0,152.0,360.0,0.0,7686.0,8.947285869349132,5.030437921392435,0.4222222222222222,0.019776216497527973,7686.0,True,True,True,False,False,False,False
1,7451,0.0,128.0,360.0,1.0,7451.0,8.916237731721479,4.859812404361672,0.35555555555555557,0.01717890216078379,3725.5,False,False,False,True,True,False,True
0,5050,0.0,118.0,360.0,1.0,5050.0,8.527341522468053,4.77912349311153,0.3277777777777778,0.023366336633663366,5050.0,True,False,False,False,True,False,True
1,14583,0.0,185.0,180.0,1.0,14583.0,9.5876803163585,5.225746673713202,1.0277777777777777,0.012686004251525749,7291.5,True,True,False,False,False,False,True
0,3167,2283.0,154.0,360.0,1.0,5450.0,8.603554357064281,5.043425116919247,0.42777777777777776,0.028256880733944955,5450.0,False,True,False,False,True,False,True
1,2214,1398.0,85.0,360.0,1.0,3612.0,8.19229373114764,4.454347296253507,0.2361111111111111,0.02353266888150609,1806.0,True,True,False,False,False,True,True
0,5568,2142.0,175.0,360.0,1.0,7710.0,8.95040315983296,5.170483995038151,0.4861111111111111,0.022697795071335927,7710.0,True,True,False,False,False,False,False
0,10408,0.0,259.0,360.0,1.0,10408.0,9.250426095515468,5.560681631015528,0.7194444444444444,0.024884704073789392,10408.0,False,False,False,False,False,True,True
0,5667,2667.0,180.0,360.0,1.0,8334.0,9.028218795184895,5.198497031265826,0.5,0.02159827213822894,8334.0,True,True,False,False,False,False,True
0,4166,0.0,44.0,360.0,1.0,4166.0,8.334951631422454,3.8066624897703196,0.12222222222222222,0.01056168987037926,4166.0,False,False,False,False,True,False,True
0,2137,8980.0,137.0,360.0,0.0,11117.0,9.316320695513415,4.927253685157205,0.38055555555555554,0.01232346856166232,11117.0,False,False,False,False,True,False,True
2,2957,0.0,81.0,360.0,1.0,2957.0,7.992268643270745,4.406719247264253,0.225,0.027392627663172135,985.6666666666666,True,True,False,False,True,False,True
0,4300,2014.0,194.0,360.0,1.0,6314.0,8.750683034784592,5.272999558563747,0.5388888888888889,0.030725372188786824,6314.0,True,True,True,False,False,False,True
0,3692,0.0,93.0,360.0,1.0,3692.0,8.214194414852564,4.543294782270004,0.25833333333333336,0.025189599133261104,3692.0,False,False,False,False,False,False,True
3,23803,0.0,370.0,360.0,1.0,23803.0,10.077608912764743,5.916202062607435,1.0277777777777777,0.015544259127000798,5950.75,True,True,False,False,False,False,True
0,3865,1640.0,128.0,360.0,1.0,5505.0,8.613593685702552,4.859812404361672,0.35555555555555557,0.023251589464123524,5505.0,True,False,False,False,False,False,True
1,10513,3850.0,160.0,180.0,0.0,14363.0,9.572480355345974,5.081404364984463,0.8888888888888888,0.011139734038849823,7181.5,True,True,False,True,False,True,False
0,6080,2569.0,182.0,360.0,1.0,8649.0,9.065314599925925,5.209486152841421,0.5055555555555555,0.021042895132385248,8649.0,True,True,False,False,False,False,False
0,20166,0.0,650.0,480.0,1.0,20166.0,9.911802884139842,6.478509642208569,1.3541666666666667,0.03223247049489239,20166.0,True,False,False,True,False,True,True
0,2014,1929.0,74.0,360.0,1.0,3943.0,8.279950715722526,4.31748811353631,0.20555555555555555,0.018767435962465127,3943.0,True,False,False,False,False,True,True
0,2718,0.0,70.0,360.0,1.0,2718.0,7.908019444632471,4.2626798770413155,0.19444444444444445,0.025754231052244298,2718.0,True,False,False,False,True,False,True
0,3459,0.0,25.0,120.0,1.0,3459.0,8.14902386805177,3.258096538021482,0.20833333333333334,0.007227522405319456,3459.0,True,True,False,True,True,False,True
0,4895,0.0,102.0,360.0,1.0,4895.0,8.496173824192162,4.634728988229636,0.2833333333333333,0.020837589376915218,4895.0,True,False,False,False,True,False,True
3,4000,7750.0,290.0,360.0,1.0,11750.0,9.371693622333941,5.673323267171493,0.8055555555555556,0.02468085106382979,2937.5,True,True,False,False,True,False,False
0,4583,0.0,84.0,360.0,1.0,4583.0,8.430327258394575,4.442651256490317,0.23333333333333334,0.0183286057167794,4583.0,False,True,False,False,False,False,False
2,3316,3500.0,88.0,360.0,1.0,6816.0,8.827174771362785,4.48863636973214,0.24444444444444444,0.012910798122065728,2272.0,True,True,False,True,False,True,True
0,14999,0.0,242.0,360.0,0.0,14999.0,9.615805480084347,5.493061443340548,0.6722222222222223,0.016134408960597372,14999.0,True,False,False,False,True,False,False
2,4200,1430.0,129.0,360.0,1.0,5630.0,8.636042325254618,4.867534450455582,0.35833333333333334,0.022912966252220248,1876.6666666666667,True,True,True,False,False,False,False
2,5042,2083.0,185.0,360.0,1.0,7125.0,8.871505346165781,5.225746673713202,0.5138888888888888,0.025964912280701753,2375.0,True,True,False,False,False,False,False
0,5417,0.0,168.0,360.0,1.0,5417.0,8.59748202264504,5.1298987149230735,0.4666666666666667,0.031013476093778844,5417.0,True,False,False,False,False,True,True
0,6950,0.0,175.0,180.0,1.0,6950.0,8.846640813100485,5.170483995038151,0.9722222222222222,0.025179856115107913,6950.0,True,False,False,True,True,False,True
0,2698,2034.0,122.0,360.0,1.0,4732.0,8.462314529906248,4.812184355372417,0.3388888888888889,0.02578191039729501,4732.0,True,True,False,False,True,False,True
2,11757,0.0,187.0,180.0,1.0,11757.0,9.3722891389622,5.236441962829949,1.038888888888889,0.01590541804882198,3919.0,True,True,False,False,False,True,True
0,2330,4486.0,100.0,360.0,1.0,6816.0,8.827174771362785,4.61512051684126,0.2777777777777778,0.014671361502347418,6816.0,False,True,False,False,True,False,True
2,14866,0.0,70.0,360.0,1.0,14866.0,9.60689927061335,4.2626798770413155,0.19444444444444445,0.0047087313332436435,4955.333333333333,False,True,False,False,False,True,True
1,1538,1425.0,30.0,360.0,1.0,2963.0,7.994294986415977,3.4339872044851463,0.08333333333333333,0.010124873439082012,1481.5,True,True,False,False,False,True,True
0,10000,1666.0,225.0,360.0,1.0,11666.0,9.364519622823858,5.420534999272286,0.625,0.019286816389507973,11666.0,False,False,False,False,False,False,False
0,4860,830.0,125.0,360.0,1.0,5690.0,8.646641258603124,4.836281906951478,0.3472222222222222,0.021968365553602813,5690.0,True,True,False,False,True,False,True
0,6277,0.0,118.0,360.0,0.0,6277.0,8.744806737401898,4.77912349311153,0.3277777777777778,0.018798789230524134,6277.0,True,False,False,False,False,False,False
0,2577,3750.0,152.0,360.0,1.0,6327.0,8.75273950944749,5.030437921392435,0.4222222222222222,0.024024024024024024,6327.0,True,True,False,True,False,False,True
0,9166,0.0,244.0,360.0,1.0,9166.0,9.123365357961776,5.501258210544727,0.6777777777777778,0.026620117826751038,9166.0,True,False,False,False,False,True,False
2,2281,0.0,113.0,360.0,1.0,2281.0,7.732807530422021,4.736198448394496,0.3138888888888889,0.049539675580885574,760.3333333333334,True,True,True,False,False,False,False
0,3254,0.0,50.0,360.0,1.0,3254.0,8.08794755464267,3.9318256327243257,0.1388888888888889,0.015365703749231715,3254.0,True,False,False,False,False,True,True
3,39999,0.0,600.0,180.0,0.0,39999.0,10.596634733096073,6.398594934535208,3.3333333333333335,0.015000375009375235,9999.75,True,True,False,False,True,False,True
1,6000,0.0,160.0,360.0,1.0,6000.0,8.699681400989514,5.081404364984463,0.4444444444444444,0.02666666666666667,3000.0,True,True,False,False,False,False,True
1,9538,0.0,187.0,360.0,1.0,9538.0,9.163143937145207,5.236441962829949,0.5194444444444445,0.019605787376808556,4769.0,True,True,False,False,False,True,True
0,2980,2083.0,120.0,360.0,1.0,5063.0,8.529911963824013,4.795790545596741,0.3333333333333333,0.023701362828362632,5063.0,True,False,False,False,False,False,True
0,4583,5625.0,255.0,360.0,1.0,10208.0,9.231024963169016,5.545177444479562,0.7083333333333334,0.02498040752351097,10208.0,True,True,False,False,True,False,True
0,1863,1041.0,98.0,360.0,1.0,2904.0,7.974188669286011,4.59511985013459,0.2722222222222222,0.0337465564738292,2904.0,True,True,True,False,True,False,True
0,7933,0.0,275.0,360.0,1.0,7933.0,8.978912601074276,5.62040086571715,0.7638888888888888,0.03466532207235598,7933.0,True,True,False,False,False,True,False
1,3089,1280.0,121.0,360.0,0.0,4369.0,8.382518288089635,4.804021044733257,0.33611111111111114,0.027695124742504004,2184.5,True,True,False,False,True,False,False
2,4167,1447.0,158.0,360.0,1.0,5614.0,8.633196867172543,5.0689042022202315,0.4388888888888889,0.028143925899536872,1871.3333333333333,True,True,False,False,False,False,True
0,9323,0.0,75.0,180.0,1.0,9323.0,9.140347000155648,4.330733340286331,0.4166666666666667,0.008044620830204869,9323.0,True,True,False,False,False,True,True
0,3707,3166.0,182.0,360.0,1.0,6873.0,8.835501457409778,5.209486152841421,0.5055555555555555,0.02648043067074058,6873.0,True,True,False,False,False,False,True
0,4583,0.0,112.0,360.0,1.0,4583.0,8.430327258394575,4.727387818712341,0.3111111111111111,0.02443814095570587,4583.0,False,True,False,False,False,False,False
0,2439,3333.0,129.0,360.0,1.0,5772.0,8.660947155060933,4.867534450455582,0.35833333333333334,0.02234927234927235,5772.0,True,True,False,False,False,False,True
0,2237,0.0,63.0,480.0,0.0,2237.0,7.71333788887187,4.1588830833596715,0.13125,0.028162717925793473,2237.0,True,False,False,False,True,False,False
2,8000,0.0,200.0,360.0,1.0,8000.0,8.987321812850125,5.303304908059076,0.5555555555555556,0.025,2666.6666666666665,True,True,False,False,True,False,True
0,1820,1769.0,95.0,360.0,1.0,3589.0,8.185907481482324,4.564348191467836,0.2638888888888889,0.026469768737809974,3589.0,True,True,True,False,False,False,True
3,51763,0.0,700.0,300.0,1.0,51763.0,10.85445020594156,6.55250788703459,2.3333333333333335,0.013523172922744044,12940.75,True,True,False,False,False,True,True
3,3522,0.0,81.0,180.0,1.0,3522.0,8.167068178341237,4.406719247264253,0.45,0.022998296422487224,880.5,True,True,True,False,False,False,False
0,5708,5625.0,187.0,360.0,1.0,11333.0,9.335562336729565,5.236441962829949,0.5194444444444445,0.016500485308391422,11333.0,True,True,False,False,True,False,True
0,4344,736.0,87.0,360.0,1.0,5080.0,8.533263371593732,4.477336814478207,0.24166666666666667,0.017125984251968505,5080.0,True,True,True,True,True,False,False
0,3497,1964.0,116.0,360.0,1.0,5461.0,8.60557030203365,4.762173934797756,0.32222222222222224,0.021241530855154733,5461.0,True,True,False,False,False,False,True
2,2045,1619.0,101.0,360.0,1.0,3664.0,8.206583614320753,4.624972813284271,0.28055555555555556,0.027565502183406112,1221.3333333333333,True,True,False,False,False,False,True
3,5516,11300.0,495.0,360.0,0.0,16816.0,9.73014555852275,6.206575926724928,1.375,0.029436251189343482,4204.0,True,True,False,False,True,False,False
1,3750,0.0,116.0,360.0,1.0,3750.0,8.229777750081887,4.762173934797756,0.32222222222222224,0.030933333333333334,1875.0,True,True,False,False,True,False,True
0,2333,1451.0,102.0,480.0,0.0,3784.0,8.23880116587155,4.634728988229636,0.2125,0.026955602536997886,3784.0,True,False,True,False,False,True,False
1,6400,7250.0,180.0,360.0,0.0,13650.0,9.521568058002977,5.198497031265826,0.5,0.013186813186813187,6825.0,True,True,False,False,False,True,False
0,1916,5063.0,67.0,360.0,1.0,6979.0,8.850804195756417,4.219507705176107,0.18611111111111112,0.00960022925920619,6979.0,True,False,False,False,False,False,False
0,4600,0.0,73.0,180.0,1.0,4600.0,8.434028950155469,4.30406509320417,0.40555555555555556,0.015869565217391305,4600.0,True,True,False,False,True,False,True
1,33846,0.0,260.0,360.0,1.0,33846.0,10.429605648120413,5.564520407322694,0.7222222222222222,0.00768185309933227,16923.0,True,True,False,False,True,False,False
0,3625,0.0,108.0,360.0,1.0,3625.0,8.195885391314796,4.6913478822291435,0.3,0.029793103448275862,3625.0,False,True,False,False,True,False,True
0,39147,4750.0,120.0,360.0,1.0,43897.0,10.6896240399389,4.795790545596741,0.3333333333333333,0.0027336720049206094,43897.0,True,True,False,True,True,False,True
1,2178,0.0,66.0,300.0,0.0,2178.0,7.68662133494462,4.204692619390966,0.22,0.030303030303030304,1089.0,True,True,False,True,False,False,False
0,2383,2138.0,58.0,360.0,1.0,4521.0,8.416709652837914,4.07753744390572,0.16111111111111112,0.012829020128290201,4521.0,True,True,False,False,False,False,True
0,674,5296.0,168.0,360.0,1.0,5970.0,8.694669696546992,5.1298987149230735,0.4666666666666667,0.02814070351758794,5970.0,True,True,False,True,False,False,True
0,9328,0.0,188.0,180.0,1.0,9328.0,9.140883106960962,5.241747015059643,1.0444444444444445,0.020154373927958835,9328.0,True,True,False,False,False,False,True
0,4885,0.0,48.0,360.0,1.0,4885.0,8.494129251817686,3.8918202981106265,0.13333333333333333,0.009825997952917094,4885.0,True,False,True,False,False,False,True
0,12000,0.0,164.0,360.0,1.0,12000.0,9.392745258631441,5.10594547390058,0.45555555555555555,0.013666666666666667,12000.0,True,False,False,False,True,False,False
0,6033,0.0,160.0,360.0,1.0,6033.0,8.705165419719007,5.081404364984463,0.4444444444444444,0.026520802254268193,6033.0,True,True,True,False,False,True,False
0,3858,0.0,76.0,360.0,1.0,3858.0,8.258163361537619,4.343805421853684,0.2111111111111111,0.019699326075686883,3858.0,True,False,False,False,True,False,True
0,4191,0.0,120.0,360.0,1.0,4191.0,8.340933226000878,4.795790545596741,0.3333333333333333,0.02863278453829635,4191.0,True,False,False,False,False,False,True
1,3125,2583.0,170.0,360.0,1.0,5708.0,8.64979915596426,5.14166355650266,0.4722222222222222,0.029782761037140854,2854.0,True,True,False,False,True,False,False
0,8333,3750.0,187.0,360.0,1.0,12083.0,9.399637542506563,5.236441962829949,0.5194444444444445,0.015476289001075892,12083.0,True,False,False,False,False,False,True
0,1907,2365.0,120.0,360.0,1.0,4272.0,8.360071435644025,4.795790545596741,0.3333333333333333,0.028089887640449437,4272.0,False,False,True,False,False,True,True
0,3416,2816.0,113.0,360.0,1.0,6232.0,8.73761303680885,4.736198448394496,0.3138888888888889,0.01813222079589217,6232.0,False,True,False,False,True,False,True
0,11000,0.0,83.0,360.0,1.0,11000.0,9.305741456739435,4.430816798843313,0.23055555555555557,0.007545454545454545,11000.0,True,False,False,True,False,True,False
1,2600,2500.0,90.0,360.0,1.0,5100.0,8.537191877922927,4.51085950651685,0.25,0.01764705882352941,2550.0,True,True,True,False,True,False,True
2,4923,0.0,166.0,360.0,0.0,4923.0,8.501876487304344,5.117993812416755,0.46111111111111114,0.03371927686370099,1641.0,True,False,False,False,True,False,True
3,3992,0.0,128.0,180.0,1.0,3992.0,8.292298107063221,4.859812404361672,0.7111111111111111,0.03206412825651302,998.0,True,True,True,False,False,True,False
1,3500,1083.0,135.0,360.0,1.0,4583.0,8.430327258394575,4.912654885736052,0.375,0.029456687759109753,2291.5,True,True,True,False,False,True,True
2,3917,0.0,124.0,360.0,1.0,3917.0,8.273336598504486,4.8283137373023015,0.34444444444444444,0.03165688026550932,1305.6666666666667,True,True,True,False,True,False,True
0,4408,0.0,120.0,360.0,1.0,4408.0,8.391403185357937,4.795790545596741,0.3333333333333333,0.02722323049001815,4408.0,False,False,True,False,True,False,True
0,3244,0.0,80.0,360.0,1.0,3244.0,8.08487062913819,4.394449154672439,0.2222222222222222,0.02466091245376079,3244.0,False,False,False,False,False,True,True
0,3975,2531.0,55.0,360.0,1.0,6506.0,8.780633799494984,4.02535169073515,0.1527777777777778,0.008453735013833385,6506.0,True,False,True,False,False,False,True
0,2479,0.0,59.0,360.0,1.0,2479.0,7.8160138391590275,4.0943445622221,0.1638888888888889,0.02379991932230738,2479.0,True,False,False,False,False,True,True
0,3418,0.0,127.0,360.0,1.0,3418.0,8.137103389639302,4.852030263919617,0.3527777777777778,0.0371562317144529,3418.0,True,False,False,False,True,False,False
0,10000,0.0,214.0,360.0,1.0,10000.0,9.210440366976517,5.3706380281276624,0.5944444444444444,0.0214,10000.0,False,False,False,False,True,False,False
3,3430,1250.0,128.0,360.0,0.0,4680.0,8.45126704130007,4.859812404361672,0.35555555555555557,0.02735042735042735,1170.0,True,True,False,False,True,False,False
1,7787,0.0,240.0,360.0,1.0,7787.0,8.960339366492091,5.484796933490655,0.6666666666666666,0.030820598433286245,3893.5,True,True,False,True,False,True,True
3,5703,0.0,130.0,360.0,1.0,5703.0,8.648922962094131,4.875197323201151,0.3611111111111111,0.02279502016482553,1425.75,True,True,True,True,False,False,True
0,3173,3021.0,137.0,360.0,1.0,6194.0,8.731497794063243,4.927253685157205,0.38055555555555554,0.022118178882789795,6194.0,True,True,False,False,False,True,True
3,3850,983.0,100.0,360.0,1.0,4833.0,8.483429561263428,4.61512051684126,0.2777777777777778,0.02069108214359611,1208.25,True,True,True,False,True,False,True
0,150,1800.0,135.0,360.0,1.0,1950.0,7.576097340623111,4.912654885736052,0.375,0.06923076923076923,1950.0,True,True,False,False,False,False,False
0,3727,1775.0,131.0,360.0,1.0,5502.0,8.613048677059759,4.882801922586371,0.3638888888888889,0.023809523809523808,5502.0,True,True,False,False,True,False,True
2,5000,0.0,72.0,360.0,0.0,5000.0,8.517393171418904,4.290459441148391,0.2,0.0144,1666.6666666666667,True,True,False,False,True,False,False
2,4283,2383.0,127.0,360.0,1.0,6666.0,8.80492526261806,4.852030263919617,0.3527777777777778,0.019051905190519053,2222.0,False,True,False,False,True,False,True
0,2221,0.0,60.0,360.0,0.0,2221.0,7.706162970199576,4.110873864173311,0.16666666666666666,0.0270148581719946,2221.0,True,True,False,False,False,True,False
2,4009,1717.0,116.0,360.0,1.0,5726.0,8.652947112393857,4.762173934797756,0.32222222222222224,0.020258470136220747,1908.6666666666667,True,True,False,False,True,False,True
0,2971,2791.0,144.0,360.0,1.0,5762.0,8.659213451436667,4.976733742420574,0.4,0.024991322457480043,5762.0,True,False,False,False,True,False,True
0,7578,1010.0,175.0,360.0,1.0,8588.0,9.058237593766226,5.170483995038151,0.4861111111111111,0.0203772706101537,8588.0,True,True,False,False,True,False,True
0,6250,0.0,128.0,360.0,1.0,6250.0,8.740496729931813,4.859812404361672,0.35555555555555557,0.02048,6250.0,True,True,False,False,True,False,True
0,3250,0.0,170.0,360.0,1.0,3250.0,8.086717920303906,5.14166355650266,0.4722222222222222,0.052307692307692305,3250.0,True,True,False,False,False,False,False
0,4735,0.0,138.0,360.0,1.0,4735.0,8.462948176563842,4.9344739331306915,0.38333333333333336,0.02914466737064414,4735.0,True,True,True,True,False,True,False
2,6250,1695.0,210.0,360.0,1.0,7945.0,8.980423936374544,5.351858133476067,0.5833333333333334,0.02643171806167401,2648.3333333333335,True,True,False,False,True,False,True
0,4758,0.0,158.0,480.0,1.0,4758.0,8.46779284112111,5.0689042022202315,0.32916666666666666,0.0332072299285414,4758.0,True,True,False,False,True,False,True
0,6400,0.0,200.0,360.0,1.0,6400.0,8.764209507142004,5.303304908059076,0.5555555555555556,0.03125,6400.0,True,False,False,True,False,False,True
1,2491,2054.0,104.0,360.0,1.0,4545.0,8.422003004412488,4.653960350157523,0.28888888888888886,0.02288228822882288,2272.5,True,True,False,False,True,False,True
0,3716,0.0,42.0,180.0,1.0,3716.0,8.220672170297252,3.7612001156935624,0.23333333333333334,0.011302475780409042,3716.0,True,True,False,False,False,False,True
0,3189,2598.0,120.0,360.0,1.0,5787.0,8.663542087751374,4.795790545596741,0.3333333333333333,0.020736132711249352,5787.0,True,False,True,False,False,False,True
0,8333,0.0,280.0,360.0,1.0,8333.0,9.0280988119824,5.638354669333745,0.7777777777777778,0.03360134405376215,8333.0,False,False,False,False,True,False,True
1,3155,1779.0,140.0,360.0,1.0,4934.0,8.504107951867582,4.948759890378168,0.3888888888888889,0.02837454398054317,2467.0,True,True,False,False,True,False,True
1,5500,1260.0,170.0,360.0,1.0,6760.0,8.818926087090677,5.14166355650266,0.4722222222222222,0.02514792899408284,3380.0,True,True,False,False,False,False,True
0,5746,0.0,255.0,360.0,1.0,5746.0,8.656433258507741,5.545177444479562,0.7083333333333334,0.04437869822485207,5746.0,True,True,False,False,False,True,False
0,3463,0.0,122.0,360.0,1.0,3463.0,8.150179269682326,4.812184355372417,0.3388888888888889,0.03522956973722206,3463.0,False,False,False,True,False,True,True
1,3812,0.0,112.0,360.0,1.0,3812.0,8.246171559857563,4.727387818712341,0.3111111111111111,0.02938090241343127,1906.0,False,False,False,False,False,False,True
1,3315,0.0,96.0,360.0,1.0,3315.0,8.106514516255185,4.574710978503383,0.26666666666666666,0.02895927601809955,1657.5,True,True,False,False,True,False,True
2,5819,5000.0,120.0,360.0,1.0,10819.0,9.289151552400472,4.795790545596741,0.3333333333333333,0.01109159811442832,3606.3333333333335,True,True,False,False,False,False,True
1,2510,1983.0,140.0,180.0,1.0,4493.0,8.410498452745275,4.948759890378168,0.7777777777777778,0.031159581571333184,2246.5,True,True,True,False,False,True,False
0,2965,5701.0,155.0,60.0,1.0,8666.0,9.067277989134345,5.049856007249537,2.5833333333333335,0.017885991230094624,8666.0,True,False,False,False,False,True,True
2,6250,1300.0,108.0,360.0,1.0,7550.0,8.929435283803425,4.6913478822291435,0.3,0.014304635761589404,2516.6666666666665,True,True,False,True,False,False,True
0,3406,4417.0,123.0,360.0,1.0,7823.0,8.964951211714654,4.820281565605037,0.3416666666666667,0.01572286846478333,7823.0,True,True,True,False,True,False,True
0,6050,4333.0,120.0,180.0,1.0,10383.0,9.248021438943871,4.795790545596741,0.6666666666666666,0.011557353366079168,10383.0,True,False,False,True,False,True,False
2,9703,0.0,112.0,360.0,1.0,9703.0,9.180293450623886,4.727387818712341,0.3111111111111111,0.011542821807688343,3234.3333333333335,True,True,False,False,False,True,True
1,6608,0.0,137.0,180.0,1.0,6608.0,8.796187635470453,4.927253685157205,0.7611111111111111,0.020732445520581115,3304.0,True,True,True,False,False,True,True
1,2882,1843.0,123.0,480.0,1.0,4725.0,8.460834457746854,4.820281565605037,0.25625,0.02603174603174603,2362.5,True,True,False,False,True,False,True
0,1809,1868.0,90.0,360.0,1.0,3677.0,8.210124405164267,4.51085950651685,0.25,0.024476475387544192,3677.0,True,True,False,False,False,True,True
0,1668,3890.0,201.0,360.0,0.0,5558.0,8.62317351495347,5.308267697401205,0.5583333333333333,0.0361640878013674,5558.0,True,True,True,False,True,False,False
2,3427,0.0,138.0,360.0,1.0,3427.0,8.13973227971767,4.9344739331306915,0.38333333333333336,0.040268456375838924,1142.3333333333333,False,False,False,False,False,True,False
0,2583,2167.0,104.0,360.0,1.0,4750.0,8.46611040118692,4.653960350157523,0.28888888888888886,0.021894736842105262,4750.0,True,False,True,True,False,False,True
1,2661,7101.0,279.0,180.0,1.0,9762.0,9.186355009225672,5.634789603169249,1.55,0.02858020897357099,4881.0,True,True,True,False,True,False,True
0,16250,0.0,192.0,360.0,0.0,16250.0,9.69590972432601,5.262690188904886,0.5333333333333333,0.011815384615384615,16250.0,True,False,False,True,False,True,False
3,3083,0.0,255.0,360.0,1.0,3083.0,8.03398273468322,5.545177444479562,0.7083333333333334,0.08271164450210834,770.75,False,False,False,False,False,False,True
0,6045,0.0,115.0,360.0,0.0,6045.0,8.707152175339404,4.7535901911063645,0.3194444444444444,0.01902398676592225,6045.0,True,False,True,False,False,False,False
3,5250,0.0,94.0,360.0,1.0,5250.0,8.566173813637858,4.553876891600541,0.2611111111111111,0.017904761904761906,1312.5,True,True,False,False,False,True,False
0,14683,2100.0,304.0,360.0,1.0,16783.0,9.728181330636078,5.720311776607412,0.8444444444444444,0.018113567300244295,16783.0,True,True,False,False,False,False,False
3,4931,0.0,128.0,360.0,1.0,4931.0,8.503499864284235,4.859812404361672,0.35555555555555557,0.02595822348408031,1232.75,True,True,True,False,True,False,False
1,6083,4250.0,330.0,360.0,1.0,10333.0,9.24319470884713,5.802118375377063,0.9166666666666666,0.03193651408109939,5166.5,True,True,False,False,False,True,True
0,2060,2209.0,134.0,360.0,1.0,4269.0,8.35936910622267,4.90527477843843,0.37222222222222223,0.03138908409463575,4269.0,True,False,False,False,True,False,True
1,3481,0.0,155.0,36.0,1.0,3481.0,8.155362120328135,5.049856007249537,4.305555555555555,0.04452743464521689,1740.5,False,False,False,False,True,False,False
0,7200,0.0,120.0,360.0,1.0,7200.0,8.881975184248867,4.795790545596741,0.3333333333333333,0.016666666666666666,7200.0,False,False,False,False,False,False,True
0,5166,0.0,128.0,360.0,1.0,5166.0,8.550047528287184,4.859812404361672,0.35555555555555557,0.024777390631049168,5166.0,True,False,False,True,True,False,True
0,4095,3447.0,151.0,360.0,1.0,7542.0,8.928375259853631,5.0238805208462765,0.41944444444444445,0.02002121453195439,7542.0,True,False,False,False,False,False,True
2,4708,1387.0,150.0,360.0,1.0,6095.0,8.715388097366482,5.017279836814924,0.4166666666666667,0.02461033634126333,2031.6666666666667,True,True,False,False,True,False,True
3,4333,1811.0,160.0,360.0,0.0,6144.0,8.723394022000136,5.081404364984463,0.4444444444444444,0.026041666666666668,1536.0,True,True,False,False,False,True,True
0,3418,0.0,135.0,360.0,1.0,3418.0,8.137103389639302,4.912654885736052,0.375,0.03949678174370977,3418.0,False,False,False,False,False,False,False
1,2876,1560.0,90.0,360.0,1.0,4436.0,8.39773375137891,4.51085950651685,0.25,0.02028854824165915,2218.0,False,False,False,False,False,True,True
0,3237,0.0,30.0,360.0,1.0,3237.0,8.08271113423758,3.4339872044851463,0.08333333333333333,0.009267840593141797,3237.0,False,False,False,False,False,True,True
0,11146,0.0,136.0,360.0,1.0,11146.0,9.318925682389624,4.919980925828125,0.37777777777777777,0.012201686703750225,11146.0,True,True,False,False,False,True,True
0,2833,1857.0,126.0,360.0,1.0,4690.0,8.453401058328458,4.844187086458591,0.35,0.026865671641791045,4690.0,True,False,False,False,False,False,True
0,2620,2223.0,150.0,360.0,1.0,4843.0,8.485496104672983,5.017279836814924,0.4166666666666667,0.03097253768325418,4843.0,True,True,False,False,True,False,True
2,3900,0.0,90.0,360.0,1.0,3900.0,8.268988209506656,4.51085950651685,0.25,0.023076923076923078,1300.0,True,True,False,False,True,False,True
1,2750,1842.0,115.0,360.0,1.0,4592.0,8.432288684325794,4.7535901911063645,0.3194444444444444,0.02504355400696864,2296.0,True,True,False,False,True,False,True
0,3993,3274.0,207.0,360.0,1.0,7267.0,8.891236429516061,5.337538079701318,0.575,0.02848493188385854,7267.0,True,True,False,False,True,False,True
0,3103,1300.0,80.0,360.0,1.0,4403.0,8.390268497842571,4.394449154672439,0.2222222222222222,0.018169429934135818,4403.0,True,True,False,False,False,True,True
0,14583,0.0,436.0,360.0,1.0,14583.0,9.5876803163585,6.07993319509559,1.211111111111111,0.02989782623602825,14583.0,True,True,False,False,True,False,True
0,4100,0.0,124.0,360.0,1.0,4100.0,8.31898612539206,4.8283137373023015,0.34444444444444444,0.03024390243902439,4100.0,False,True,True,False,False,False,True
1,4053,2426.0,158.0,360.0,0.0,6479.0,8.776475789346321,5.0689042022202315,0.4388888888888889,0.02438647939496836,3239.5,True,False,True,True,False,True,False
0,3927,800.0,112.0,360.0,1.0,4727.0,8.461257559085935,4.727387818712341,0.3111111111111111,0.0236936746350751,4727.0,True,True,False,False,True,False,True
2,2301,985.7999878,78.0,180.0,1.0,3286.7999878,8.097973923364721,4.3694478524670215,0.43333333333333335,0.023731288879615956,1095.5999959333333,True,True,False,False,False,True,True
0,1811,1666.0,54.0,360.0,1.0,3477.0,8.154212694914229,4.007333185232471,0.15,0.015530629853321829,3477.0,False,False,False,False,False,True,True
0,20667,0.0,128.0,360.0,1.0,20667.0,9.936341889407075,4.859812404361672,0.35555555555555557,0.006193448492766246,20667.0,True,True,False,False,False,False,False
0,3158,3053.0,89.0,360.0,1.0,6211.0,8.734238184268579,4.499809670330265,0.24722222222222223,0.014329415553051039,6211.0,True,False,False,False,False,False,True
0,2600,1717.0,99.0,300.0,1.0,4317.0,8.370547611074752,4.605170185988092,0.33,0.022932592077831826,4317.0,False,False,False,True,True,False,False
0,3704,2000.0,120.0,360.0,1.0,5704.0,8.649098262296176,4.795790545596741,0.3333333333333333,0.021037868162692847,5704.0,True,True,False,False,False,False,True
0,4124,0.0,115.0,360.0,1.0,4124.0,8.324821298768782,4.7535901911063645,0.3194444444444444,0.027885548011639186,4124.0,False,False,False,False,True,False,True
0,9508,0.0,187.0,360.0,1.0,9508.0,9.159993997539445,5.236441962829949,0.5194444444444445,0.019667648296171646,9508.0,True,False,False,False,False,False,True
0,3075,2416.0,139.0,360.0,1.0,5491.0,8.61104776688786,4.941642422609304,0.3861111111111111,0.025314150427973046,5491.0,True,True,False,False,False,False,True
2,4400,0.0,127.0,360.0,0.0,4400.0,8.38958706681109,4.852030263919617,0.3527777777777778,0.028863636363636362,1466.6666666666667,True,True,False,False,True,False,False
2,3153,1560.0,134.0,360.0,1.0,4713.0,8.458292083496076,4.90527477843843,0.37222222222222223,0.028431996605134735,1571.0,True,True,False,False,False,True,True
0,5417,0.0,143.0,480.0,0.0,5417.0,8.59748202264504,4.969813299576001,0.29791666666666666,0.026398375484585564,5417.0,False,False,False,False,False,True,False
0,2383,3334.0,172.0,360.0,1.0,5717.0,8.651374372882257,5.153291594497779,0.4777777777777778,0.03008570928808816,5717.0,True,True,False,False,True,False,True
3,4416,1250.0,110.0,360.0,1.0,5666.0,8.64241515616962,4.709530201312334,0.3055555555555556,0.01941404871161313,1416.5,True,True,False,False,False,True,True
1,6875,0.0,200.0,360.0,1.0,6875.0,8.83579236650274,5.303304908059076,0.5555555555555556,0.02909090909090909,3437.5,True,True,False,False,True,False,True
1,4666,0.0,135.0,360.0,1.0,4666.0,8.448271745949816,4.912654885736052,0.375,0.028932704672096014,2333.0,False,True,False,False,False,True,True
0,5000,2541.0,151.0,480.0,1.0,7541.0,8.928242677818302,5.0238805208462765,0.3145833333333333,0.020023869513327144,7541.0,False,False,False,False,False,False,False
1,2014,2925.0,113.0,360.0,1.0,4939.0,8.505120610181969,4.736198448394496,0.3138888888888889,0.02287912532901397,2469.5,True,True,False,False,False,True,False
0,1800,2934.0,93.0,360.0,0.0,4734.0,8.462737005620179,4.543294782270004,0.25833333333333336,0.01964512040557668,4734.0,True,True,True,False,False,True,False
0,2875,1750.0,105.0,360.0,1.0,4625.0,8.439447842791385,4.663439094112067,0.2916666666666667,0.022702702702702703,4625.0,True,True,True,False,True,False,True
0,5000,0.0,132.0,360.0,1.0,5000.0,8.517393171418904,4.890349128221754,0.36666666666666664,0.0264,5000.0,False,False,False,False,False,False,True
1,1625,1803.0,96.0,360.0,1.0,3428.0,8.14002395246292,4.574710978503383,0.26666666666666666,0.028004667444574097,1714.0,True,True,False,False,False,True,True
0,4000,2500.0,140.0,360.0,1.0,6500.0,8.77971129020447,4.948759890378168,0.3888888888888889,0.021538461538461538,6500.0,True,False,False,False,False,False,True
0,2000,0.0,128.0,360.0,1.0,2000.0,7.601402334583733,4.859812404361672,0.35555555555555557,0.064,2000.0,True,False,True,False,False,True,False
0,3762,1666.0,135.0,360.0,1.0,5428.0,8.599510233905452,4.912654885736052,0.375,0.024871039056742816,5428.0,False,False,False,False,False,False,True
0,2400,1863.0,104.0,360.0,0.0,4263.0,8.357962965845681,4.653960350157523,0.28888888888888886,0.02439596528266479,4263.0,False,False,False,False,False,True,False
0,20233,0.0,480.0,360.0,1.0,20233.0,9.915119636765835,6.175867270105761,1.3333333333333333,0.02372361982899224,20233.0,True,False,False,False,False,False,False
2,7667,0.0,185.0,360.0,1.0,7667.0,8.944811104165534,5.225746673713202,0.5138888888888888,0.024129385678883526,2555.6666666666665,True,True,True,False,False,False,True
0,2917,0.0,84.0,360.0,1.0,2917.0,7.978653729082731,4.442651256490317,0.23333333333333334,0.028796708947548853,2917.0,False,False,False,False,True,False,True
0,2927,2405.0,111.0,360.0,1.0,5332.0,8.581669210600602,4.718498871295094,0.30833333333333335,0.020817704426106528,5332.0,True,False,True,False,True,False,True
0,2507,0.0,56.0,360.0,1.0,2507.0,7.827240901752812,4.04305126783455,0.15555555555555556,0.022337455125648185,2507.0,False,False,False,False,False,False,True
2,5746,0.0,144.0,84.0,1.0,5746.0,8.656433258507741,4.976733742420574,1.7142857142857142,0.025060911938739994,1915.3333333333333,True,True,False,True,False,False,True
0,2473,1843.0,159.0,360.0,1.0,4316.0,8.370315995555478,5.075173815233827,0.44166666666666665,0.036839666357738644,4316.0,True,True,False,False,False,False,False
1,3399,1640.0,111.0,180.0,1.0,5039.0,8.525161361065415,4.718498871295094,0.6166666666666667,0.022028180194483032,2519.5,True,True,True,False,False,True,True
2,3717,0.0,120.0,360.0,1.0,3717.0,8.220941168281389,4.795790545596741,0.3333333333333333,0.03228410008071025,1239.0,True,True,False,False,True,False,True
0,2058,2134.0,88.0,360.0,1.0,4192.0,8.341171747170762,4.48863636973214,0.24444444444444444,0.02099236641221374,4192.0,True,True,False,False,False,True,True
1,3541,0.0,112.0,360.0,1.0,3541.0,8.17244681834278,4.727387818712341,0.3111111111111111,0.031629483196837054,1770.5,False,False,False,False,True,False,True
1,10000,0.0,155.0,360.0,1.0,10000.0,9.210440366976517,5.049856007249537,0.4305555555555556,0.0155,5000.0,True,True,False,True,False,False,False
0,2400,2167.0,115.0,360.0,1.0,4567.0,8.426830751335846,4.7535901911063645,0.3194444444444444,0.025180643748631486,4567.0,True,True,False,False,True,False,True
3,4342,189.0,124.0,360.0,1.0,4531.0,8.418918622147897,4.8283137373023015,0.34444444444444444,0.027367027146325315,1132.75,True,True,False,False,True,False,True
2,3601,1590.0,128.0,360.0,1.0,5191.0,8.554874258383926,4.859812404361672,0.35555555555555557,0.024658062030437296,1730.3333333333333,True,True,True,False,False,False,True
0,3166,2985.0,132.0,360.0,1.0,6151.0,8.72453251118548,4.890349128221754,0.36666666666666664,0.021459925215412127,6151.0,False,False,False,False,False,False,True
3,15000,0.0,300.0,360.0,1.0,15000.0,9.61587214452889,5.707110264748875,0.8333333333333334,0.02,3750.0,True,True,False,False,False,False,True
1,8666,4983.0,376.0,360.0,0.0,13649.0,9.521494800613105,5.932245187448011,1.0444444444444445,0.027547805700051286,6824.5,True,True,False,True,False,False,False
0,4917,0.0,130.0,360.0,0.0,4917.0,8.500657222776137,4.875197323201151,0.3611111111111111,0.026438885499288182,4917.0,True,False,False,False,False,False,True
0,5818,2160.0,184.0,360.0,1.0,7978.0,8.984568369308281,5.220355825078324,0.5111111111111111,0.023063424417147156,7978.0,True,True,False,True,True,False,True
0,4333,2451.0,110.0,360.0,1.0,6784.0,8.82246957226897,4.709530201312334,0.3055555555555556,0.016214622641509434,6784.0,False,True,False,False,False,True,False
0,2500,0.0,67.0,360.0,1.0,2500.0,7.824445930877619,4.219507705176107,0.18611111111111112,0.0268,2500.0,False,False,False,False,False,True,True
1,4384,1793.0,117.0,360.0,1.0,6177.0,8.728749873478527,4.770684624465665,0.325,0.01894123360854784,3088.5,True,False,False,False,False,True,True
0,2935,0.0,98.0,360.0,1.0,2935.0,7.984803389734406,4.59511985013459,0.2722222222222222,0.03339011925042589,2935.0,True,False,False,False,True,False,True
0,2833,0.0,71.0,360.0,1.0,2833.0,7.949444420250626,4.276666119016055,0.19722222222222222,0.025061771973173313,2833.0,True,False,False,False,False,True,True
0,63337,0.0,490.0,180.0,1.0,63337.0,11.056240743970491,6.19644412779452,2.7222222222222223,0.007736394208756335,63337.0,True,True,False,False,False,True,True
1,9833,1833.0,182.0,180.0,1.0,11666.0,9.364519622823858,5.209486152841421,1.011111111111111,0.015600891479513115,5833.0,True,True,False,True,False,True,True
0,5503,4490.0,70.0,360.0,1.0,9993.0,9.20974019190415,4.2626798770413155,0.19444444444444445,0.007004903432402682,9993.0,True,True,False,True,True,False,True
1,5250,688.0,160.0,360.0,1.0,5938.0,8.68929604801586,5.081404364984463,0.4444444444444444,0.02694509936005389,2969.0,True,True,False,False,False,False,True
2,2500,4600.0,176.0,360.0,1.0,7100.0,8.867990898182093,5.176149732573829,0.4888888888888889,0.024788732394366197,2366.6666666666665,True,True,False,True,False,False,True
3,1830,0.0,128.0,360.0,0.0,1830.0,7.5126175446745105,4.859812404361672,0.35555555555555557,0.06994535519125683,457.5,False,False,True,False,False,True,False
0,4160,0.0,71.0,360.0,1.0,4160.0,8.333510708982942,4.276666119016055,0.19722222222222222,0.01706730769230769,4160.0,False,False,False,False,True,False,True
3,2647,1587.0,173.0,360.0,1.0,4234.0,8.351138607086154,5.159055299214529,0.48055555555555557,0.040859707132735006,1058.5,True,True,True,False,False,False,False
0,2378,0.0,46.0,360.0,1.0,2378.0,7.774435510302958,3.8501476017100584,0.12777777777777777,0.01934398654331371,2378.0,False,False,False,False,False,False,False
1,4554,1229.0,158.0,360.0,1.0,5783.0,8.6628507638386,5.0689042022202315,0.4388888888888889,0.027321459450112398,2891.5,True,True,True,False,False,True,True
3,3173,0.0,74.0,360.0,1.0,3173.0,8.062747901086354,4.31748811353631,0.20555555555555555,0.023321777497636306,793.25,True,True,True,False,True,False,True
2,2583,2330.0,125.0,360.0,1.0,4913.0,8.499843553081124,4.836281906951478,0.3472222222222222,0.0254427030327702,1637.6666666666667,True,True,False,False,False,False,True
0,2499,2458.0,160.0,360.0,1.0,4957.0,8.508757712595136,5.081404364984463,0.4444444444444444,0.03227758725035303,4957.0,True,True,False,False,True,False,True
0,3523,3230.0,152.0,360.0,0.0,6753.0,8.817890200945513,5.030437921392435,0.4222222222222222,0.02250851473419221,6753.0,True,True,True,False,False,False,False
2,3083,2168.0,126.0,360.0,1.0,5251.0,8.566364235422688,4.844187086458591,0.35,0.023995429442011044,1750.3333333333333,True,True,True,False,False,True,True
0,6333,4583.0,259.0,360.0,1.0,10916.0,9.29807648628027,5.560681631015528,0.7194444444444444,0.02372663979479663,10916.0,True,True,False,False,True,False,True
0,2625,6250.0,187.0,360.0,1.0,8875.0,9.091106284052485,5.236441962829949,0.5194444444444445,0.021070422535211266,8875.0,True,True,False,False,False,False,True
0,9083,0.0,228.0,360.0,1.0,9083.0,9.114269903225448,5.43372200355424,0.6333333333333333,0.025101838599581636,9083.0,True,True,False,False,True,False,True
0,8750,4167.0,308.0,360.0,1.0,12917.0,9.466376966592419,5.733341276897746,0.8555555555555555,0.023844545947201364,12917.0,True,False,False,False,False,False,False
3,2666,2083.0,95.0,360.0,1.0,4749.0,8.465899897028686,4.564348191467836,0.2638888888888889,0.02000421141292904,1187.25,True,True,False,False,False,False,True
0,5500,0.0,105.0,360.0,0.0,5500.0,8.612685172875459,4.663439094112067,0.2916666666666667,0.019090909090909092,5500.0,False,True,False,True,False,False,False
0,2423,505.0,130.0,360.0,1.0,2928.0,7.982416346827733,4.875197323201151,0.3611111111111111,0.04439890710382514,2928.0,False,True,False,False,True,False,True
0,3813,0.0,116.0,180.0,1.0,3813.0,8.246433786160365,4.762173934797756,0.6444444444444445,0.03042223970626803,3813.0,False,False,False,False,False,True,True
2,8333,3167.0,165.0,360.0,1.0,11500.0,9.350189267092581,5.111987788356544,0.4583333333333333,0.014347826086956521,3833.3333333333335,True,True,False,False,False,False,True
1,3875,0.0,67.0,360.0,1.0,3875.0,8.262558973010657,4.219507705176107,0.18611111111111112,0.01729032258064516,1937.5,True,True,False,False,False,True,False
0,3000,1666.0,100.0,480.0,0.0,4666.0,8.448271745949816,4.61512051684126,0.20833333333333334,0.021431633090441493,4666.0,True,True,True,False,False,True,False
3,5167,3167.0,200.0,360.0,1.0,8334.0,9.028218795184895,5.303304908059076,0.5555555555555556,0.023998080153587713,2083.5,True,True,False,False,True,False,True
1,4723,0.0,81.0,360.0,1.0,4723.0,8.460411177317253,4.406719247264253,0.225,0.017150116451408005,2361.5,False,False,False,False,True,False,False
2,5000,3667.0,236.0,360.0,1.0,8667.0,9.067393362656249,5.4680601411351315,0.6555555555555556,0.027229721933771777,2889.0,True,True,False,False,True,False,True
0,4750,2333.0,130.0,360.0,1.0,7083.0,8.865593998902725,4.875197323201151,0.3611111111111111,0.01835380488493576,7083.0,True,True,False,False,False,True,True
0,3013,3033.0,95.0,300.0,1.0,6046.0,8.707317560273212,4.564348191467836,0.31666666666666665,0.0157128680119087,6046.0,True,True,False,False,False,True,True
0,6822,0.0,141.0,360.0,1.0,6822.0,8.828054536815424,4.955827057601261,0.39166666666666666,0.020668425681618294,6822.0,True,False,False,True,False,False,True
0,6216,0.0,133.0,360.0,1.0,6216.0,8.735042754269337,4.897839799950911,0.36944444444444446,0.021396396396396396,6216.0,True,False,True,False,False,False,False
0,2500,0.0,96.0,480.0,1.0,2500.0,7.824445930877619,4.574710978503383,0.2,0.0384,2500.0,True,False,False,False,True,False,False
0,5124,0.0,124.0,360.0,0.0,5124.0,8.54188580400661,4.8283137373023015,0.34444444444444444,0.02419984387197502,5124.0,True,False,False,False,False,False,False
1,6325,0.0,175.0,360.0,1.0,6325.0,8.752423403865594,5.170483995038151,0.4861111111111111,0.02766798418972332,3162.5,True,True,False,False,True,False,True
0,19730,5266.0,570.0,360.0,1.0,24996.0,10.126511096649761,6.3473892096560105,1.5833333333333333,0.022803648583773404,24996.0,True,True,False,False,False,False,False
0,15759,0.0,55.0,360.0,1.0,15759.0,9.66523036341187,4.02535169073515,0.1527777777777778,0.0034900691668253063,15759.0,False,False,False,True,True,False,True
2,5185,0.0,155.0,360.0,1.0,5185.0,8.55371796609861,5.049856007249537,0.4305555555555556,0.029893924783027964,1728.3333333333333,True,True,False,False,True,False,True
2,9323,7873.0,380.0,300.0,1.0,17196.0,9.752490228984199,5.942799375126701,1.2666666666666666,0.02209816236334031,5732.0,True,True,False,True,False,False,True
1,3062,1987.0,111.0,180.0,0.0,5049.0,8.527143522269405,4.718498871295094,0.6166666666666667,0.021984551396316103,2524.5,True,False,False,False,False,True,False
0,2764,1459.0,110.0,360.0,1.0,4223.0,8.348537825386098,4.709530201312334,0.3055555555555556,0.02604783329386692,4223.0,False,False,False,False,False,True,True
0,4817,923.0,120.0,180.0,1.0,5740.0,8.655388690167637,4.795790545596741,0.6666666666666666,0.020905923344947737,5740.0,True,True,False,False,False,True,True
3,8750,4996.0,130.0,360.0,1.0,13746.0,9.52857589747142,4.875197323201151,0.3611111111111111,0.009457296668121635,3436.5,True,True,False,False,False,False,True
0,4310,0.0,130.0,360.0,1.0,4310.0,8.368925174747135,4.875197323201151,0.3611111111111111,0.030162412993039442,4310.0,True,True,False,False,True,False,True
0,3069,0.0,71.0,480.0,1.0,3069.0,8.029432840581244,4.276666119016055,0.14791666666666667,0.023134571521668295,3069.0,True,False,False,False,False,True,False
2,5391,0.0,130.0,360.0,1.0,5391.0,8.592671652592143,4.875197323201151,0.3611111111111111,0.024114264514932295,1797.0,True,True,False,False,False,True,True
0,3333,2500.0,128.0,360.0,1.0,5833.0,8.671458150427666,4.859812404361672,0.35555555555555557,0.021944111092062405,5833.0,True,True,False,False,True,False,True
0,5941,4232.0,296.0,360.0,1.0,10173.0,9.22759072538271,5.6937321388027,0.8222222222222222,0.029096628329892852,10173.0,True,False,False,False,True,False,True
0,6000,0.0,156.0,360.0,1.0,6000.0,8.699681400989514,5.056245805348308,0.43333333333333335,0.026,6000.0,False,False,False,False,False,True,True
0,7167,0.0,128.0,360.0,1.0,7167.0,8.877381954654766,4.859812404361672,0.35555555555555557,0.017859634435607646,7167.0,True,False,False,True,False,True,True
2,4566,0.0,100.0,360.0,1.0,4566.0,8.426611813185,4.61512051684126,0.2777777777777778,0.021901007446342532,1522.0,True,True,False,False,False,True,False
1,3667,0.0,113.0,180.0,1.0,3667.0,8.207401833376355,4.736198448394496,0.6277777777777778,0.030815380419961822,1833.5,True,False,False,False,False,True,True
0,2346,1600.0,132.0,360.0,1.0,3946.0,8.280711075662847,4.890349128221754,0.36666666666666664,0.03345159655347187,3946.0,True,False,True,False,True,False,True
0,3010,3136.0,128.0,360.0,0.0,6146.0,8.72371943690701,4.859812404361672,0.35555555555555557,0.02082655385616661,6146.0,True,True,True,False,False,True,False
0,2333,2417.0,136.0,360.0,1.0,4750.0,8.46611040118692,4.919980925828125,0.37777777777777777,0.02863157894736842,4750.0,True,True,False,False,False,True,True
0,5488,0.0,125.0,360.0,1.0,5488.0,8.610501368549889,4.836281906951478,0.3472222222222222,0.022776967930029153,5488.0,True,True,False,False,False,False,True
3,9167,0.0,185.0,360.0,1.0,9167.0,9.12347443895452,5.225746673713202,0.5138888888888888,0.020181084324206393,2291.75,True,False,False,False,False,False,True
3,9504,0.0,275.0,360.0,1.0,9504.0,9.15957325492253,5.62040086571715,0.7638888888888888,0.028935185185185185,2376.0,True,True,False,False,False,False,True
0,2583,2115.0,120.0,360.0,1.0,4698.0,8.455104999102815,4.795790545596741,0.3333333333333333,0.02554278416347382,4698.0,True,True,False,False,False,True,True
2,1993,1625.0,113.0,180.0,1.0,3618.0,8.193953023563742,4.736198448394496,0.6277777777777778,0.03123272526257601,1206.0,True,True,True,False,True,False,True
2,3100,1400.0,113.0,360.0,1.0,4500.0,8.412054873292933,4.736198448394496,0.3138888888888889,0.025111111111111112,1500.0,True,True,False,False,False,True,True
2,3276,484.0,135.0,360.0,1.0,3760.0,8.232440158470336,4.912654885736052,0.375,0.03590425531914894,1253.3333333333333,True,True,False,False,True,False,True
0,3180,0.0,71.0,360.0,0.0,3180.0,8.064950891749143,4.276666119016055,0.19722222222222222,0.02232704402515723,3180.0,False,False,False,False,False,True,False
0,3033,1459.0,95.0,360.0,1.0,4492.0,8.41027590907016,4.564348191467836,0.2638888888888889,0.021148708815672306,4492.0,True,True,False,False,False,True,True
0,3902,1666.0,109.0,360.0,1.0,5568.0,8.624970783589669,4.700480365792417,0.30277777777777776,0.019576149425287355,5568.0,True,False,True,False,False,False,True
0,1500,1800.0,103.0,360.0,0.0,3300.0,8.101980731853192,4.6443908991413725,0.2861111111111111,0.031212121212121212,3300.0,False,False,False,False,True,False,False
2,2889,0.0,45.0,180.0,0.0,2889.0,7.969011781106478,3.828641396489095,0.25,0.01557632398753894,963.0,True,True,True,False,False,True,False
0,2755,0.0,65.0,300.0,1.0,2755.0,7.9215356321335495,4.189654742026425,0.21666666666666667,0.023593466424682397,2755.0,True,False,True,False,False,False,False
0,2500,20000.0,103.0,360.0,1.0,22500.0,10.021315031649332,4.6443908991413725,0.2861111111111111,0.004577777777777778,22500.0,True,False,False,False,True,False,True
0,1963,0.0,53.0,360.0,1.0,1963.0,7.582738488914411,3.9889840465642745,0.14722222222222223,0.026999490575649515,1963.0,False,False,True,False,True,False,True
0,7441,0.0,194.0,360.0,1.0,7441.0,8.914894908906568,5.272999558563747,0.5388888888888889,0.026071764547775836,7441.0,False,False,False,True,False,False,False
0,4547,0.0,115.0,360.0,1.0,4547.0,8.422442854870427,4.7535901911063645,0.3194444444444444,0.025291400923685946,4547.0,False,False,False,False,True,False,True
0,2167,2400.0,115.0,360.0,1.0,4567.0,8.426830751335846,4.7535901911063645,0.3194444444444444,0.025180643748631486,4567.0,True,True,True,False,False,True,True
0,2213,0.0,66.0,360.0,1.0,2213.0,7.7025561132685825,4.204692619390966,0.18333333333333332,0.0298237686398554,2213.0,False,False,True,False,False,False,True
1,8300,0.0,152.0,300.0,0.0,8300.0,9.024131268455035,5.030437921392435,0.5066666666666667,0.018313253012048194,4150.0,True,True,False,False,True,False,False
3,81000,0.0,360.0,360.0,0.0,81000.0,11.302216779257382,5.8888779583328805,1.0,0.0044444444444444444,20250.0,True,True,False,False,False,False,False
1,3867,0.0,62.0,360.0,1.0,3867.0,8.260492856573185,4.143134726391533,0.17222222222222222,0.016033100594776313,1933.5,False,False,True,True,True,False,False
0,6256,0.0,160.0,360.0,1.0,6256.0,8.741456115998364,5.081404364984463,0.4444444444444444,0.02557544757033248,6256.0,True,True,False,False,False,True,True
0,6096,0.0,218.0,360.0,0.0,6096.0,8.715552125907816,5.389071729816501,0.6055555555555555,0.035761154855643046,6096.0,True,True,True,False,False,False,False
0,2253,2033.0,110.0,360.0,1.0,4286.0,8.363342466597977,4.709530201312334,0.3055555555555556,0.025664955669622024,4286.0,True,True,True,False,False,False,True
0,2149,3237.0,178.0,360.0,0.0,5386.0,8.591743922680534,5.187385805840755,0.49444444444444446,0.03304864463423691,5386.0,False,True,True,False,True,False,False
0,2995,0.0,60.0,360.0,1.0,2995.0,8.005033344637111,4.110873864173311,0.16666666666666666,0.02003338898163606,2995.0,False,False,False,False,False,True,True
1,2600,0.0,160.0,360.0,1.0,2600.0,7.8636512654486515,5.081404364984463,0.4444444444444444,0.06153846153846154,1300.0,False,False,False,False,False,True,False
2,1600,20000.0,239.0,360.0,1.0,21600.0,9.980494888896912,5.480638923341991,0.6638888888888889,0.011064814814814816,7200.0,True,True,False,True,False,True,False
0,1025,2773.0,112.0,360.0,1.0,3798.0,8.242493153187626,4.727387818712341,0.3111111111111111,0.02948920484465508,3798.0,True,True,False,False,False,False,True
0,3246,1417.0,138.0,360.0,1.0,4663.0,8.447628728030327,4.9344739331306915,0.38333333333333336,0.029594681535492173,4663.0,True,True,False,False,True,False,True
0,5829,0.0,138.0,360.0,1.0,5829.0,8.670772279344538,4.9344739331306915,0.38333333333333336,0.023674729799279464,5829.0,True,True,False,False,False,False,True
0,2720,0.0,80.0,360.0,0.0,2720.0,7.908754738783246,4.394449154672439,0.2222222222222222,0.029411764705882353,2720.0,False,False,True,False,False,True,False
0,1820,1719.0,100.0,360.0,1.0,3539.0,8.17188200612782,4.61512051684126,0.2777777777777778,0.028256569652444195,3539.0,True,True,False,False,False,True,True
1,7250,1667.0,110.0,360.0,0.0,8917.0,9.095826985187422,4.709530201312334,0.3055555555555556,0.01233598743972188,4458.5,True,True,False,False,False,True,False
0,14880,0.0,96.0,360.0,1.0,14880.0,9.60784051043005,4.574710978503383,0.26666666666666666,0.0064516129032258064,14880.0,True,True,False,False,True,False,True
0,2666,4300.0,121.0,360.0,1.0,6966.0,8.848939995030118,4.804021044733257,0.33611111111111114,0.01737008326155613,6966.0,True,True,False,False,False,False,True
1,4606,0.0,81.0,360.0,1.0,4606.0,8.435332164935916,4.406719247264253,0.225,0.017585757707338254,2303.0,False,False,True,False,False,False,False
2,5935,0.0,133.0,360.0,1.0,5935.0,8.688790784847216,4.897839799950911,0.36944444444444446,0.02240943555181129,1978.3333333333333,True,True,False,False,True,False,True
0,2920,16.12000084,87.0,360.0,1.0,2936.12000084,7.9851847886683345,4.477336814478207,0.24166666666666667,0.029630941506174818,2936.12000084,True,True,False,False,False,False,True
0,2717,0.0,60.0,180.0,1.0,2717.0,7.907651594711089,4.110873864173311,0.3333333333333333,0.02208317997791682,2717.0,True,False,True,False,False,True,True
1,8624,0.0,150.0,360.0,1.0,8624.0,9.062420241899561,5.017279836814924,0.4166666666666667,0.017393320964749538,4312.0,False,False,False,True,True,False,True
0,6500,0.0,105.0,360.0,0.0,6500.0,8.77971129020447,4.663439094112067,0.2916666666666667,0.016153846153846154,6500.0,True,False,False,False,False,False,False
0,12876,0.0,405.0,360.0,1.0,12876.0,9.463198053273784,6.0063531596017325,1.125,0.03145386766076421,12876.0,True,False,False,False,True,False,True
0,2425,2340.0,143.0,360.0,1.0,4765.0,8.469262657658687,4.969813299576001,0.3972222222222222,0.030010493179433367,4765.0,True,True,False,False,True,False,True
0,3750,0.0,100.0,360.0,1.0,3750.0,8.229777750081887,4.61512051684126,0.2777777777777778,0.02666666666666667,3750.0,True,False,False,False,False,True,True
0,10047,0.0,128.0,240.0,1.0,10047.0,9.21512888870798,4.859812404361672,0.5333333333333333,0.012740121429282374,10047.0,False,True,False,False,True,False,True
0,1926,1851.0,50.0,360.0,1.0,3777.0,8.236950048061455,3.9318256327243257,0.1388888888888889,0.013238019592268996,3777.0,True,False,False,False,True,False,True
0,2213,1125.0,128.0,360.0,1.0,3338.0,8.113426639943654,4.859812404361672,0.35555555555555557,0.03834631515877771,3338.0,True,True,False,False,False,True,True
0,10416,0.0,187.0,360.0,0.0,10416.0,9.251194365984448,5.236441962829949,0.5194444444444445,0.0179531490015361,10416.0,True,False,False,True,False,True,False
0,7142,0.0,138.0,360.0,1.0,7142.0,8.873888135154973,4.9344739331306915,0.38333333333333336,0.019322318678241388,7142.0,False,True,True,True,False,False,True
0,3660,5064.0,187.0,360.0,1.0,8724.0,9.073947747070628,5.236441962829949,0.5194444444444445,0.021435121503897293,8724.0,True,False,False,False,True,False,True
0,7901,1833.0,180.0,360.0,1.0,9734.0,9.1834829178063,5.198497031265826,0.5,0.018491884117526197,9734.0,True,True,False,False,False,False,True
3,4707,1993.0,148.0,360.0,1.0,6700.0,8.81001204797317,5.003946305945459,0.4111111111111111,0.02208955223880597,1675.0,True,False,True,False,True,False,True
1,37719,0.0,152.0,360.0,1.0,37719.0,10.537945736747394,5.030437921392435,0.4222222222222222,0.004029799305389856,18859.5,True,False,False,False,True,False,True
0,7333,8333.0,175.0,300.0,1.0,15666.0,9.659311868393488,5.170483995038151,0.5833333333333334,0.011170688114387846,15666.0,True,True,False,False,False,False,True
1,3466,1210.0,130.0,360.0,1.0,4676.0,8.450412157725886,4.875197323201151,0.3611111111111111,0.027801539777587682,2338.0,True,True,False,True,False,False,True
2,4652,0.0,110.0,360.0,1.0,4652.0,8.445267451844648,4.709530201312334,0.3055555555555556,0.023645743766122097,1550.6666666666667,True,True,True,False,False,False,True
0,3539,1376.0,55.0,360.0,1.0,4915.0,8.500250470685925,4.02535169073515,0.1527777777777778,0.011190233977619531,4915.0,True,True,False,False,False,False,False
2,3340,1710.0,150.0,360.0,0.0,5050.0,8.527341522468053,5.017279836814924,0.4166666666666667,0.0297029702970297,1683.3333333333333,True,True,False,False,False,False,False
1,2769,1542.0,190.0,360.0,1.0,4311.0,8.369157112588834,5.25227342804663,0.5277777777777778,0.04407330085826954,2155.5,True,False,True,True,True,False,False
2,2309,1255.0,125.0,360.0,0.0,3564.0,8.178919332848396,4.836281906951478,0.3472222222222222,0.035072951739618406,1188.0,True,True,True,False,False,False,False
2,1958,1456.0,60.0,300.0,1.0,3414.0,8.13593277200489,4.110873864173311,0.2,0.01757469244288225,1138.0,True,True,True,False,False,True,True
0,3948,1733.0,149.0,360.0,0.0,5681.0,8.645058562414134,5.0106352940962555,0.41388888888888886,0.02622777679985918,5681.0,True,True,False,False,False,False,False
0,2483,2466.0,90.0,180.0,0.0,4949.0,8.507142855562735,4.51085950651685,0.5,0.018185492018589614,4949.0,True,True,False,False,False,False,True
0,7085,0.0,84.0,360.0,1.0,7085.0,8.865876285425417,4.442651256490317,0.23333333333333334,0.011856033874382499,7085.0,True,False,False,True,True,False,True
2,3859,0.0,96.0,360.0,1.0,3859.0,8.258422462458876,4.574710978503383,0.26666666666666666,0.024876911116869654,1286.3333333333333,True,True,False,False,True,False,True
0,4301,0.0,118.0,360.0,1.0,4301.0,8.366835309827675,4.77912349311153,0.3277777777777778,0.027435480120902116,4301.0,True,True,False,False,False,True,True
0,3708,2569.0,173.0,360.0,1.0,6277.0,8.744806737401898,5.159055299214529,0.48055555555555557,0.027560936753226063,6277.0,True,True,False,False,False,True,False
2,4354,0.0,136.0,360.0,1.0,4354.0,8.379079889286603,4.919980925828125,0.37777777777777777,0.03123564538355535,1451.3333333333333,True,False,False,False,False,False,True
0,8334,0.0,160.0,360.0,1.0,8334.0,9.028218795184895,5.081404364984463,0.4444444444444444,0.01919846412287017,8334.0,True,True,False,False,True,False,False
0,2083,4083.0,160.0,360.0,1.0,6166.0,8.726967774991493,5.081404364984463,0.4444444444444444,0.025948751216347713,6166.0,True,True,False,True,True,False,True
3,7740,0.0,128.0,180.0,1.0,7740.0,8.954286157204713,4.859812404361672,0.7111111111111111,0.016537467700258397,1935.0,True,True,False,False,False,True,True
0,3015,2188.0,153.0,360.0,1.0,5203.0,8.557182839632397,5.0369526024136295,0.425,0.02940611185854315,5203.0,True,True,False,False,False,False,True
1,5191,0.0,132.0,360.0,1.0,5191.0,8.554874258383926,4.890349128221754,0.36666666666666664,0.025428626468888462,2595.5,False,False,True,False,True,False,True
0,4166,0.0,98.0,360.0,0.0,4166.0,8.334951631422454,4.59511985013459,0.2722222222222222,0.023523763802208355,4166.0,True,False,False,False,True,False,False
0,6000,0.0,140.0,360.0,1.0,6000.0,8.699681400989514,4.948759890378168,0.3888888888888889,0.023333333333333334,6000.0,True,False,False,False,False,False,True
3,2947,1664.0,70.0,180.0,0.0,4611.0,8.436416881388949,4.2626798770413155,0.3888888888888889,0.015181088700932552,1152.75,True,True,True,False,False,True,False
0,16692,0.0,110.0,360.0,1.0,16692.0,9.722744748855389,4.709530201312334,0.3055555555555556,0.006589983225497244,16692.0,True,True,False,False,True,False,True
2,210,2917.0,98.0,360.0,1.0,3127.0,8.048149101665201,4.59511985013459,0.2722222222222222,0.03133994243684042,1042.3333333333333,False,True,True,False,True,False,True
0,4333,2451.0,110.0,360.0,1.0,6784.0,8.82246957226897,4.709530201312334,0.3055555555555556,0.016214622641509434,6784.0,True,True,False,False,False,True,False
1,3450,2079.0,162.0,360.0,1.0,5529.0,8.61794309451638,5.093750200806762,0.45,0.02930005425935974,2764.5,True,True,False,True,True,False,True
1,2653,1500.0,113.0,180.0,0.0,4153.0,8.331827004436057,4.736198448394496,0.6277777777777778,0.027209246327955693,2076.5,True,True,True,False,False,False,False
3,4691,0.0,100.0,360.0,1.0,4691.0,8.453614209773367,4.61512051684126,0.2777777777777778,0.021317416329140908,1172.75,True,True,False,False,True,False,True
0,2500,0.0,93.0,360.0,1.0,2500.0,7.824445930877619,4.543294782270004,0.25833333333333336,0.0372,2500.0,False,False,False,True,False,True,True
2,5532,4648.0,162.0,360.0,1.0,10180.0,9.228278517107196,5.093750200806762,0.45,0.015913555992141455,3393.3333333333335,True,False,False,False,False,False,True
2,16525,1014.0,150.0,360.0,1.0,17539.0,9.772239265926174,5.017279836814924,0.4166666666666667,0.008552369006214722,5846.333333333333,True,True,False,True,False,False,True
2,6700,1750.0,230.0,300.0,1.0,8450.0,9.042040056544483,5.442417710521793,0.7666666666666667,0.027218934911242602,2816.6666666666665,True,True,False,False,True,False,True
2,2873,1872.0,132.0,360.0,0.0,4745.0,8.465057436995709,4.890349128221754,0.36666666666666664,0.027818756585879872,1581.6666666666667,True,True,False,False,True,False,False
1,16667,2250.0,86.0,360.0,1.0,18917.0,9.847869128773116,4.465908118654584,0.2388888888888889,0.004546175397790347,9458.5,True,True,False,True,True,False,True
2,2947,1603.0,128.0,360.0,1.0,4550.0,8.423102268016642,4.859812404361672,0.35555555555555557,0.028131868131868132,1516.6666666666667,True,True,False,False,False,True,False
0,4350,0.0,154.0,360.0,1.0,4350.0,8.37816098272068,5.043425116919247,0.42777777777777776,0.035402298850574714,4350.0,False,False,True,False,False,False,True
3,3095,0.0,113.0,360.0,1.0,3095.0,8.037866234709618,4.736198448394496,0.3138888888888889,0.03651050080775444,773.75,True,True,True,False,False,False,True
0,2083,3150.0,128.0,360.0,1.0,5233.0,8.562931083090092,4.859812404361672,0.35555555555555557,0.024460156697878845,5233.0,True,True,False,False,True,False,True
0,10833,0.0,234.0,360.0,1.0,10833.0,9.290444616217844,5.459585514144159,0.65,0.02160066463583495,10833.0,True,True,False,False,True,False,True
2,8333,0.0,246.0,360.0,1.0,8333.0,9.0280988119824,5.5093883366279774,0.6833333333333333,0.029521180847233888,2777.6666666666665,True,True,False,False,True,False,True
1,1958,2436.0,131.0,360.0,1.0,4394.0,8.388222810119277,4.882801922586371,0.3638888888888889,0.029813381884387802,2197.0,True,True,True,False,False,False,True
2,3547,0.0,80.0,360.0,0.0,3547.0,8.17413934342947,4.394449154672439,0.2222222222222222,0.02255427121511136,1182.3333333333333,True,False,False,False,False,False,False
1,18333,0.0,500.0,360.0,1.0,18333.0,9.816512538521721,6.2166061010848646,1.3888888888888888,0.02727322314951181,9166.5,True,True,False,False,False,True,False
2,4583,2083.0,160.0,360.0,1.0,6666.0,8.80492526261806,5.081404364984463,0.4444444444444444,0.024002400240024,2222.0,True,True,False,True,True,False,True
0,2435,0.0,75.0,360.0,1.0,2435.0,7.798112628829788,4.330733340286331,0.20833333333333334,0.030800821355236138,2435.0,True,False,False,False,False,True,False
0,2699,2785.0,96.0,360.0,1.0,5484.0,8.609772372709331,4.574710978503383,0.26666666666666666,0.0175054704595186,5484.0,True,False,True,False,True,False,True
1,5333,1131.0,186.0,360.0,1.0,6464.0,8.774158291205957,5.231108616854587,0.5166666666666667,0.028774752475247526,3232.0,True,True,True,False,False,True,True
0,3691,0.0,110.0,360.0,1.0,3691.0,8.213923595622743,4.709530201312334,0.3055555555555556,0.029802221620157138,3691.0,True,False,True,False,False,False,True
0,17263,0.0,225.0,360.0,1.0,17263.0,9.756378687497916,5.420534999272286,0.625,0.013033655795632277,17263.0,False,False,True,True,True,False,True
0,3597,2157.0,119.0,360.0,0.0,5754.0,8.657824321155983,4.787491742782046,0.33055555555555555,0.02068126520681265,5754.0,True,True,False,False,False,False,False
1,3326,913.0,105.0,84.0,1.0,4239.0,8.352318548226004,4.663439094112067,1.25,0.024769992922859165,2119.5,False,True,False,False,True,False,True
0,2600,1700.0,107.0,360.0,1.0,4300.0,8.366602832783736,4.68213122712422,0.2972222222222222,0.02488372093023256,4300.0,True,True,True,False,False,False,True
0,4625,2857.0,111.0,12.0,1.0,7482.0,8.920389060080359,4.718498871295094,9.25,0.01483560545308741,7482.0,True,True,False,False,False,True,True
1,2895,0.0,95.0,360.0,1.0,2895.0,7.971085753505607,4.564348191467836,0.2638888888888889,0.03281519861830743,1447.5,True,True,False,True,True,False,True
0,6283,4416.0,209.0,360.0,0.0,10699.0,9.277999020449997,5.3471075307174685,0.5805555555555556,0.019534535937938125,10699.0,True,False,False,False,False,False,False
0,645,3683.0,113.0,480.0,1.0,4328.0,8.37309184744198,4.736198448394496,0.23541666666666666,0.0261090573012939,4328.0,False,False,False,False,False,False,True
0,3159,0.0,100.0,360.0,1.0,3159.0,8.058327306580958,4.61512051684126,0.2777777777777778,0.03165558721114277,3159.0,False,False,False,False,True,False,True
2,4865,5624.0,208.0,360.0,1.0,10489.0,9.258177701390343,5.342334251964811,0.5777777777777777,0.01983029840785585,3496.3333333333335,True,True,False,False,True,False,True
1,4050,5302.0,138.0,360.0,1.0,9352.0,9.143452426434552,4.9344739331306915,0.38333333333333336,0.014756201881950384,4676.0,True,True,True,False,False,False,False
0,3814,1483.0,124.0,300.0,1.0,5297.0,8.575084669832014,4.8283137373023015,0.41333333333333333,0.0234094770624882,5297.0,True,True,True,False,True,False,True
2,3510,4416.0,243.0,360.0,1.0,7926.0,8.978029932837156,5.497168225293202,0.675,0.030658591975775928,2642.0,True,True,False,False,False,False,True
0,20833,6667.0,480.0,360.0,1.0,27500.0,10.221977646629885,6.175867270105761,1.3333333333333333,0.017454545454545455,27500.0,True,True,False,False,False,True,True
0,3583,0.0,96.0,360.0,1.0,3583.0,8.18423477409482,4.574710978503383,0.26666666666666666,0.026793190064192018,3583.0,True,False,False,False,False,True,False
0,2479,3013.0,188.0,360.0,1.0,5492.0,8.61122983334262,5.241747015059643,0.5222222222222223,0.03423160961398398,5492.0,True,True,False,True,False,True,True
1,13262,0.0,40.0,360.0,1.0,13262.0,9.492733482494353,3.713572066704308,0.1111111111111111,0.003016136329362087,6631.0,False,False,False,False,False,True,True
0,3598,1287.0,100.0,360.0,1.0,4885.0,8.494129251817686,4.61512051684126,0.2777777777777778,0.02047082906857728,4885.0,True,False,True,False,False,False,False
1,6065,2004.0,250.0,360.0,1.0,8069.0,8.995908761263994,5.5254529391317835,0.6944444444444444,0.030982773577890692,4034.5,True,True,False,False,True,False,True
2,3283,2035.0,148.0,360.0,1.0,5318.0,8.579040594742317,5.003946305945459,0.4111111111111111,0.027830011282437006,1772.6666666666667,True,True,False,False,False,True,True
0,2130,6666.0,70.0,180.0,1.0,8796.0,9.082166033252674,4.2626798770413155,0.3888888888888889,0.007958162801273306,8796.0,True,True,False,False,True,False,False
0,5815,3666.0,311.0,360.0,1.0,9481.0,9.157150543462064,5.7430031878094825,0.8638888888888889,0.03280244699926168,9481.0,True,False,False,False,False,False,False
3,3466,3428.0,150.0,360.0,1.0,6894.0,8.838551790227402,5.017279836814924,0.4166666666666667,0.02175805047867711,1723.5,True,True,False,False,False,False,True
2,2031,1632.0,113.0,480.0,1.0,3663.0,8.20631072579402,4.736198448394496,0.23541666666666666,0.03084903084903085,1221.0,False,True,False,False,True,False,True
0,3074,1800.0,123.0,360.0,0.0,4874.0,8.491875383431948,4.820281565605037,0.3416666666666667,0.025235945835043086,4874.0,True,True,True,False,True,False,False
0,4683,1915.0,185.0,360.0,1.0,6598.0,8.794673401383422,5.225746673713202,0.5138888888888888,0.02803879963625341,6598.0,True,False,False,False,True,False,False
0,3400,0.0,95.0,360.0,1.0,3400.0,8.131824785007195,4.564348191467836,0.2638888888888889,0.027941176470588237,3400.0,False,False,True,False,False,False,False
2,2192,1742.0,45.0,360.0,1.0,3934.0,8.277666160851503,3.828641396489095,0.125,0.011438739196746314,1311.3333333333333,True,True,True,False,True,False,True
0,2500,0.0,55.0,360.0,1.0,2500.0,7.824445930877619,4.02535169073515,0.1527777777777778,0.022,2500.0,True,False,False,False,True,False,True
3,5677,1424.0,100.0,360.0,1.0,7101.0,8.868131713503033,4.61512051684126,0.2777777777777778,0.01408252358822701,1775.25,True,True,False,True,False,False,True
2,7948,7166.0,480.0,360.0,1.0,15114.0,9.623442907213558,6.175867270105761,1.3333333333333333,0.031758634378721715,5038.0,True,True,False,True,False,False,True
0,4680,2087.0,128.0,360.0,1.0,6767.0,8.81996090128606,4.859812404361672,0.35555555555555557,0.01891532436825772,6767.0,True,False,False,False,True,False,False
2,17500,0.0,400.0,360.0,1.0,17500.0,9.770013301136158,5.993961427306569,1.1111111111111112,0.022857142857142857,5833.333333333333,True,True,False,True,False,False,True
0,3775,0.0,110.0,360.0,1.0,3775.0,8.236420527265391,4.709530201312334,0.3055555555555556,0.02913907284768212,3775.0,True,True,False,False,True,False,True
1,5285,1430.0,161.0,360.0,0.0,6715.0,8.812248018197431,5.087596335232384,0.44722222222222224,0.023976172747580043,3357.5,True,True,True,False,True,False,True
1,2679,1302.0,94.0,360.0,1.0,3981.0,8.289539484624141,4.553876891600541,0.2611111111111111,0.02361215774930922,1990.5,True,False,True,False,True,False,True
0,6783,0.0,130.0,360.0,1.0,6783.0,8.822322177471738,4.875197323201151,0.3611111111111111,0.019165560961226596,6783.0,True,False,True,False,True,False,True
0,1025,5500.0,216.0,360.0,1.0,6525.0,8.783549477153265,5.37989735354046,0.6,0.03310344827586207,6525.0,True,True,False,False,False,False,True
3,4281,0.0,100.0,360.0,1.0,4281.0,8.362175469149628,4.61512051684126,0.2777777777777778,0.023359028264424198,1070.25,True,True,False,False,False,True,True
2,3588,0.0,110.0,360.0,0.0,3588.0,8.185628891147607,4.709530201312334,0.3055555555555556,0.030657748049052396,1196.0,True,False,False,False,False,False,False
1,11250,0.0,196.0,360.0,1.0,11250.0,9.328212292571072,5.2832037287379885,0.5444444444444444,0.01742222222222222,5625.0,True,False,False,False,True,False,False
0,18165,0.0,125.0,360.0,1.0,18165.0,9.80730699406216,4.836281906951478,0.3472222222222222,0.006881365262868153,18165.0,False,False,True,True,False,True,True
0,2550,2042.0,126.0,360.0,1.0,4592.0,8.432288684325794,4.844187086458591,0.35,0.027439024390243903,4592.0,True,False,True,False,False,False,True
0,6133,3906.0,324.0,360.0,1.0,10039.0,9.214332393245721,5.783825182329737,0.9,0.03227413088953083,10039.0,True,True,False,False,False,True,True
2,3617,0.0,107.0,360.0,1.0,3617.0,8.193676665955241,4.68213122712422,0.2972222222222222,0.029582526956040918,1205.6666666666667,True,False,False,False,True,False,True
0,2917,536.0,66.0,360.0,1.0,3453.0,8.147288258706624,4.204692619390966,0.18333333333333332,0.019113814074717638,3453.0,True,True,True,False,False,False,False
3,6417,0.0,157.0,180.0,1.0,6417.0,8.766861821669803,5.062595033026967,0.8722222222222222,0.02446626149290946,1604.25,True,True,False,False,False,False,True
1,4608,2845.0,140.0,180.0,1.0,7453.0,8.916506080039204,4.948759890378168,0.7777777777777778,0.018784382128002146,3726.5,False,True,False,False,True,False,True
0,2138,0.0,99.0,360.0,0.0,2138.0,7.668093709082406,4.605170185988092,0.275,0.04630495790458372,2138.0,False,False,False,False,True,False,False
1,3652,0.0,95.0,360.0,1.0,3652.0,8.203304026795282,4.564348191467836,0.2638888888888889,0.026013143483023003,1826.0,False,False,False,False,True,False,True
1,2239,2524.0,128.0,360.0,1.0,4763.0,8.46884293047519,4.859812404361672,0.35555555555555557,0.026873819021625025,2381.5,True,True,True,False,False,True,True
0,3017,663.0,102.0,360.0,1.0,3680.0,8.210939733379021,4.634728988229636,0.2833333333333333,0.027717391304347826,3680.0,False,True,True,False,True,False,True
0,2768,1950.0,155.0,360.0,1.0,4718.0,8.459352191726387,5.049856007249537,0.4305555555555556,0.03285290377278508,4718.0,True,True,False,False,False,False,True
0,3358,0.0,80.0,36.0,1.0,3358.0,8.119398589612294,4.394449154672439,2.2222222222222223,0.023823704586063133,3358.0,True,False,True,False,True,False,False
0,2526,1783.0,145.0,360.0,1.0,4309.0,8.368693183097793,4.983606621708336,0.4027777777777778,0.03365049895567417,4309.0,True,False,False,False,False,False,True
0,5000,0.0,103.0,360.0,0.0,5000.0,8.517393171418904,4.6443908991413725,0.2861111111111111,0.0206,5000.0,False,False,False,False,True,False,False
0,2785,2016.0,110.0,360.0,1.0,4801.0,8.4767877767812,4.709530201312334,0.3055555555555556,0.022911893355550928,4801.0,True,True,False,False,False,False,True
2,6633,0.0,128.0,360.0,0.0,6633.0,8.799963219506997,4.859812404361672,0.35555555555555557,0.019297452133273028,2211.0,True,True,False,True,False,False,False
1,2492,2375.0,128.0,360.0,1.0,4867.0,8.490438454107418,4.859812404361672,0.35555555555555557,0.026299568522703924,2433.5,True,True,True,False,False,False,True
1,3333,3250.0,158.0,360.0,1.0,6583.0,8.792397742356906,5.0689042022202315,0.4388888888888889,0.024001215251405136,3291.5,True,True,False,False,False,True,True
0,2454,2333.0,181.0,360.0,0.0,4787.0,8.473868066677865,5.204006687076795,0.5027777777777778,0.03781073741382912,4787.0,True,True,True,False,False,True,False
0,3593,4266.0,132.0,180.0,0.0,7859.0,8.969541885423252,4.890349128221754,0.7333333333333333,0.01679603002926581,7859.0,True,True,False,False,False,False,False
1,5468,1032.0,26.0,360.0,1.0,6500.0,8.77971129020447,3.295836866004329,0.07222222222222222,0.004,3250.0,True,True,False,False,True,False,True
0,2667,1625.0,84.0,360.0,1.0,4292.0,8.36474106822456,4.442651256490317,0.23333333333333334,0.0195712954333644,4292.0,False,False,False,False,False,True,True
3,10139,0.0,260.0,360.0,1.0,10139.0,9.224243277145174,5.564520407322694,0.7222222222222222,0.025643554591182564,2534.75,True,True,False,True,True,False,True
0,3887,2669.0,162.0,360.0,1.0,6556.0,8.788288460263619,5.093750200806762,0.45,0.02471018913971934,6556.0,True,True,False,False,True,False,True
0,4180,2306.0,182.0,360.0,1.0,6486.0,8.777555453213056,5.209486152841421,0.5055555555555555,0.028060437866173297,6486.0,False,True,False,False,True,False,True
2,3675,242.0,108.0,360.0,1.0,3917.0,8.273336598504486,4.6913478822291435,0.3,0.027572121521572634,1305.6666666666667,True,True,True,False,True,False,True
1,19484,0.0,600.0,360.0,1.0,19484.0,9.87740021777281,6.398594934535208,1.6666666666666667,0.03079449804968179,9742.0,False,True,False,True,True,False,True
0,5923,2054.0,211.0,360.0,1.0,7977.0,8.984443032465352,5.356586274672012,0.5861111111111111,0.02645104675943337,7977.0,True,True,False,False,False,False,True
0,5800,0.0,132.0,360.0,1.0,5800.0,8.665785595466064,4.890349128221754,0.36666666666666664,0.022758620689655173,5800.0,True,False,True,True,True,False,True
2,8799,0.0,258.0,360.0,0.0,8799.0,9.082507000466299,5.556828061699537,0.7166666666666667,0.029321513808387316,2933.0,True,True,False,False,False,True,False
0,4467,0.0,120.0,360.0,1.0,4467.0,8.404696160189092,4.795790545596741,0.3333333333333333,0.026863666890530557,4467.0,True,True,True,False,False,False,True
0,3333,0.0,70.0,360.0,1.0,3333.0,8.111928063310739,4.2626798770413155,0.19444444444444445,0.021002100210021003,3333.0,True,False,False,False,False,True,True
3,3400,2500.0,123.0,360.0,0.0,5900.0,8.682877107057168,4.820281565605037,0.3416666666666667,0.020847457627118645,1475.0,True,True,False,False,False,False,False
0,2378,0.0,9.0,360.0,1.0,2378.0,7.774435510302958,2.302585092994046,0.025,0.0037846930193439865,2378.0,False,False,False,False,False,True,False
0,3166,2064.0,104.0,360.0,0.0,5230.0,8.562357743370612,4.653960350157523,0.28888888888888886,0.01988527724665392,5230.0,True,True,False,False,False,True,False
1,3417,1750.0,186.0,360.0,1.0,5167.0,8.550241045462437,5.231108616854587,0.5166666666666667,0.035997677569189084,2583.5,True,True,False,False,False,True,True
0,5116,1451.0,165.0,360.0,0.0,6567.0,8.789964651132264,5.111987788356544,0.4583333333333333,0.02512562814070352,6567.0,True,True,False,False,False,True,False
2,16666,0.0,275.0,360.0,1.0,16666.0,9.721185995542177,5.62040086571715,0.7638888888888888,0.016500660026401055,5555.333333333333,True,True,False,False,False,True,True
2,6125,1625.0,187.0,480.0,1.0,7750.0,8.955577146281511,5.236441962829949,0.38958333333333334,0.024129032258064516,2583.3333333333335,True,True,True,False,True,False,False
3,6406,0.0,150.0,360.0,1.0,6406.0,8.765146421639022,5.017279836814924,0.4166666666666667,0.023415547923821417,1601.5,True,True,False,False,True,False,False
2,3159,461.0,108.0,84.0,1.0,3620.0,8.19450550976564,4.6913478822291435,1.2857142857142858,0.02983425414364641,1206.6666666666667,True,True,False,False,False,True,True
0,3087,2210.0,136.0,360.0,0.0,5297.0,8.575084669832014,4.919980925828125,0.37777777777777777,0.02567491032659996,5297.0,True,True,False,False,True,False,False
0,3229,2739.0,110.0,360.0,1.0,5968.0,8.69433468816865,4.709530201312334,0.3055555555555556,0.018431635388739945,5968.0,True,False,False,False,False,True,True
1,1782,2232.0,107.0,360.0,1.0,4014.0,8.297792626380861,4.68213122712422,0.2972222222222222,0.02665670154459392,2007.0,True,True,False,False,False,False,True
0,3182,2917.0,161.0,360.0,1.0,6099.0,8.716044050161402,5.087596335232384,0.44722222222222224,0.026397770126250206,6099.0,True,False,False,False,False,True,True
2,6540,0.0,205.0,360.0,1.0,6540.0,8.785845337961213,5.327876168789581,0.5694444444444444,0.03134556574923547,2180.0,True,True,False,False,True,False,True
0,1836,33837.0,90.0,360.0,1.0,35673.0,10.482177411118249,4.51085950651685,0.25,0.0025229164914641325,35673.0,True,False,False,False,False,True,False
0,3166,0.0,36.0,360.0,1.0,3166.0,8.06054004653864,3.6109179126442243,0.1,0.011370814908401769,3166.0,False,True,False,False,True,False,True
1,1880,0.0,61.0,360.0,1.0,1880.0,7.53955882930103,4.127134385045092,0.16944444444444445,0.032446808510638296,940.0,True,True,False,False,False,False,False
1,2787,1917.0,146.0,360.0,0.0,4704.0,8.45638105201948,4.990432586778736,0.40555555555555556,0.031037414965986394,2352.0,True,True,False,False,False,False,False
1,4283,3000.0,172.0,84.0,1.0,7283.0,8.8934354408475,5.153291594497779,2.0476190476190474,0.02361664149388988,3641.5,True,True,False,False,False,False,False
0,2297,1522.0,104.0,360.0,1.0,3819.0,8.24800570160062,4.653960350157523,0.28888888888888886,0.027232259753862266,3819.0,True,True,False,False,False,True,True
0,2165,0.0,70.0,360.0,1.0,2165.0,7.680637427560936,4.2626798770413155,0.19444444444444445,0.03233256351039261,2165.0,False,False,True,False,True,False,True
0,4750,0.0,94.0,360.0,1.0,4750.0,8.46611040118692,4.553876891600541,0.2611111111111111,0.019789473684210527,4750.0,True,False,False,False,True,False,True
2,2726,0.0,106.0,360.0,0.0,2726.0,7.910957382845589,4.672828834461906,0.29444444444444445,0.03888481291269259,908.6666666666666,True,True,False,True,True,False,False
0,3000,3416.0,56.0,180.0,1.0,6416.0,8.766705997750515,4.04305126783455,0.3111111111111111,0.008728179551122194,6416.0,True,True,False,False,True,False,True
2,6000,0.0,205.0,240.0,1.0,6000.0,8.699681400989514,5.327876168789581,0.8541666666666666,0.034166666666666665,2000.0,True,True,False,True,True,False,False
3,9357,0.0,292.0,360.0,1.0,9357.0,9.143986871426161,5.680172609017068,0.8111111111111111,0.031206583306615368,2339.25,True,False,False,True,True,False,True
0,3859,3300.0,142.0,180.0,1.0,7159.0,8.87626525995469,4.962844630259907,0.7888888888888889,0.019835172510127112,7159.0,True,True,False,False,False,False,True
0,16120,0.0,260.0,360.0,1.0,16120.0,9.687878048875998,5.564520407322694,0.7222222222222222,0.016129032258064516,16120.0,True,True,False,True,False,True,True
0,3833,0.0,110.0,360.0,1.0,3833.0,8.251663923605589,4.709530201312334,0.3055555555555556,0.02869814766501435,3833.0,True,False,True,False,False,False,True
2,6383,1000.0,187.0,360.0,1.0,7383.0,8.907070776182689,5.236441962829949,0.5194444444444445,0.025328457266693756,2461.0,True,True,True,True,False,False,False
0,2987,0.0,88.0,360.0,0.0,2987.0,8.002359546252707,4.48863636973214,0.24444444444444444,0.02946099765651155,2987.0,True,False,False,False,True,False,False
0,9963,0.0,180.0,360.0,1.0,9963.0,9.20673387638207,5.198497031265826,0.5,0.018066847335140017,9963.0,True,True,False,True,False,False,True
2,5780,0.0,192.0,360.0,1.0,5780.0,8.662331957082475,5.262690188904886,0.5333333333333333,0.03321799307958478,1926.6666666666667,True,True,False,False,False,True,True
3,416,41667.0,350.0,180.0,1.0,42083.0,10.647422899928179,5.860786223465865,1.9444444444444444,0.00831689755958463,10520.75,False,False,False,False,False,True,False
0,2894,2792.0,155.0,360.0,1.0,5686.0,8.645938147306799,5.049856007249537,0.4305555555555556,0.027259936686598662,5686.0,True,True,True,False,False,False,True
3,5703,0.0,128.0,360.0,1.0,5703.0,8.648922962094131,4.859812404361672,0.35555555555555557,0.02244432754690514,1425.75,True,True,False,False,False,True,True
0,3676,4301.0,172.0,360.0,1.0,7977.0,8.984443032465352,5.153291594497779,0.4777777777777778,0.021561990723329573,7977.0,True,False,False,False,False,False,True
1,12000,0.0,496.0,360.0,1.0,12000.0,9.392745258631441,6.208590026096629,1.3777777777777778,0.04133333333333333,6000.0,False,True,False,False,True,False,True
0,2400,3800.0,128.0,180.0,1.0,6200.0,8.732465848349879,4.859812404361672,0.7111111111111111,0.02064516129032258,6200.0,True,True,True,False,False,True,False
1,3400,2500.0,173.0,360.0,1.0,5900.0,8.682877107057168,5.159055299214529,0.48055555555555557,0.029322033898305084,2950.0,True,True,False,False,True,False,True
2,3987,1411.0,157.0,360.0,1.0,5398.0,8.593969030218288,5.062595033026967,0.4361111111111111,0.029084846239347907,1799.3333333333333,True,True,True,False,False,False,True
0,3232,1950.0,108.0,360.0,1.0,5182.0,8.553139318189707,4.6913478822291435,0.3,0.020841373986877652,5182.0,True,True,False,False,False,False,True
0,2900,0.0,71.0,360.0,1.0,2900.0,7.972810784121404,4.276666119016055,0.19722222222222222,0.024482758620689656,2900.0,False,False,False,False,False,False,True
3,4106,0.0,40.0,180.0,1.0,4106.0,8.320448113956559,3.713572066704308,0.2222222222222222,0.00974184120798831,1026.5,True,True,False,False,False,False,True
1,8072,240.0,253.0,360.0,1.0,8312.0,9.025575833531088,5.537334267018537,0.7027777777777777,0.030437921077959576,4156.0,True,True,False,False,False,True,True
2,7583,0.0,187.0,360.0,1.0,7583.0,8.933796043934858,5.236441962829949,0.5194444444444445,0.024660424634049848,2527.6666666666665,True,True,False,False,False,True,True
0,4583,0.0,133.0,360.0,0.0,4583.0,8.430327258394575,4.897839799950911,0.36944444444444446,0.02902029238490072,4583.0,False,False,False,True,True,False,False
